{
  "app/about/About.controller.js": "1550639434218",
  "app/about/About.view.xml": "1550639433739",
  "app/about/MessageButton.fragment.xml": "1550639433761",
  "app/App.controller.js": "1550639432240",
  "app/App.view.xml": "1550639432251",
  "app/BaseController.js": "1550639432371",
  "app/Component.js": "1551623870395",
  "app/css/style.css": "1550639433187",
  "app/dashboard/Dashboard.controller.js": "1550639433808",
  "app/dashboard/Dashboard.view.xml": "1552641338605",
  "app/i18n/i18n.properties": "1552881867216",
  "app/img/boat.gif": "1550639434932",
  "app/img/encollab-logo-scaled.png": "1550639434936",
  "app/img/smallboat.gif": "1550639434949",
  "app/info/InfoButton.fragment.xml": "1550639434591",
  "app/info/InfoDialog.fragment.xml": "1550639434577",
  "app/info/InfoDialog.js": "1550639434608",
  "app/manifest.json": "1552575928922",
  "app/ObjectNotFound.view.xml": "1550639432303",
  "app/util/formatter.js": "1552627748988",
  "controls/ColumnListItem.js": "1550639432386",
  "controls/DownloadBindingButton.js": "1550639432433",
  "controls/DownloadButton.js": "1550639432456",
  "controls/DownloadTableButton.js": "1550639432493",
  "controls/FileSaver.js": "1550639432613",
  "controls/FileUploader.js": "1550639432538",
  "controls/OrderSearchToolBar.js": "1550639432557",
  "controls/SearchToolBar.js": "1550639432675",
  "controls/SupercessionListItem.js": "1550639432631",
  "controls/ValueDialog.js": "1550639432706",
  "index.html": "1550639432161",
  "orders/create/HeaderModel.js": "1550639434626",
  "orders/create/invoiceDialog.fragment.xml": "1550639434640",
  "orders/Create.controller.js": "1550639432747",
  "orders/Create.view.xml": "1550639432795",
  "orders/detail/changeFakturPajak.fragment.xml": "1550639434768",
  "orders/detail/confirmNavigationDialog.fragment.xml": "1550639434792",
  "orders/detail/DocFlowModel.js": "1550639434761",
  "orders/detail/documentFlow.fragment.xml": "1550639434808",
  "orders/detail/documentFlowItemTemplate.fragment.xml": "1550639434823",
  "orders/detail/fakturPajak.fragment.xml": "1550639434835",
  "orders/detail/fakturPajakTemplate.fragment.xml": "1550639434845",
  "orders/detail/orderChanges.fragment.xml": "1550639434857",
  "orders/detail/orderChangesTemplate.fragment.xml": "1550639434868",
  "orders/detail/salesOrderHeader.fragment.xml": "1550639434878",
  "orders/detail/salesOrderItems.fragment.xml": "1550639434907",
  "orders/detail/salesOrderItemTemplate.fragment.xml": "1550639434893",
  "orders/detail/scheduleLines.fragment.xml": "1550639434925",
  "orders/detail/scheduleLinesTemplate.fragment.xml": "1550639434918",
  "orders/detail/UpdateHeaderDialog.fragment.xml": "1550639434784",
  "orders/Detail.controller.js": "1550639432857",
  "orders/Detail.view.xml": "1550639432775",
  "orders/Enquiry.controller.js": "1550639432946",
  "orders/Enquiry.view.xml": "1550639432817",
  "parts/attachment/Attachments.fragment.xml": "1550639434667",
  "parts/characteristics/characteristics.fragment.xml": "1550639434656",
  "parts/component/Component.fragment.xml": "1550639434681",
  "parts/Detail.controller.js": "1550639432892",
  "parts/Detail.view.xml": "1550639432908",
  "parts/dimension/Dimensions.fragment.xml": "1550639434736",
  "parts/Enquiry.controller.js": "1550639432982",
  "parts/Enquiry.view.xml": "1550639432921",
  "parts/inventory/Inventory.fragment.xml": "1550639434946",
  "parts/PartHeader.fragment.xml": "1550639432994",
  "parts/searchTemplate.fragment.xml": "1550639433004",
  "parts/supercession/SupercessionListItem.js": "1550639434973",
  "parts/supercession/Supercessions.fragment.xml": "1550639434961",
  "parts/supercession/SupercessionsTemplate.fragment.xml": "1550639434994",
  "PartsInf/Enquiry.controller.js": "1550639432213",
  "PartsInf/Enquiry.view.xml": "1550639432225",
  "reports/ATP.controller.js": "1550639433218",
  "reports/ATP.view.xml": "1550639433281",
  "reports/deliveries/deliveries.fragment.xml": "1550639435011",
  "reports/deliveries/pod.fragment.xml": "1550639435060",
  "reports/Delivery.controller.js": "1550639433424",
  "reports/Delivery.view.xml": "1550639433229",
  "reports/DS.controller.js": "1550639433261",
  "reports/DS.view.xml": "1550639433324",
  "reports/fp/claimsToUpdate.fragment.xml": "1550639434984",
  "reports/fp/claimsUpdated.fragment.xml": "1550639435004",
  "reports/FP.controller.js": "1550639433487",
  "reports/FP.view.xml": "1550639433509",
  "reports/returns/print.fragment.xml": "1550639435026",
  "reports/returns/printDialog.fragment.xml": "1550639435036",
  "reports/returns/table.fragment.xml": "1550639435048",
  "reports/Returns.controller.js": "1550639433610",
  "reports/Returns.view.xml": "1550639433528",
  "reports/Stock.controller.js": "1550639433672",
  "reports/Stock.view.xml": "1550639433552",
  "ROrders/REnquiry.controller.js": "1550639432294",
  "ROrders/REnquiry.view.xml": "1550639432267",
  "serct/Attachments.fragment.xml": "1552627309874",
  "serct/BaseController.js": "1552496345853",
  "serct/claimDeleteDialog.fragment.xml": "1550639434394",
  "serct/Enquiry.controller.js": "1552642330333",
  "serct/Enquiry.view.xml": "1552642781141",
  "serct/Items.fragment.xml": "1552627342622",
  "serct/ItemsTemplate.fragment.xml": "1552629544524",
  "serct/ServicePgmDetail.controller.js": "1552653395487",
  "serct/ServicePgmDetail.view.xml": "1552652279827",
  "serct/wtyTexts.fragment.xml": "1551632467812",
  "vin/BaseController.js": "1550639433019",
  "vin/CreateRecall.controller.js": "1550639433064",
  "vin/CreateRecall.view.xml": "1550639433033",
  "vin/CreateServicePgm.controller.js": "1552881997590",
  "vin/CreateServicePgm.view.xml": "1552138779221",
  "vin/Detail.controller.js": "1552642177401",
  "vin/Detail.view.xml": "1552642181993",
  "vin/Enquiry.controller.js": "1550639433096",
  "vin/Enquiry.view.xml": "1550639433122",
  "vin/recallClaim.fragment.xml": "1550639433109",
  "vin/standardForm.fragment.xml": "1552139642816",
  "wty/addCausalLabourDialog.fragment.xml": "1550639434023",
  "wty/addCausalPartDialog.fragment.xml": "1550639434041",
  "wty/addCausalTemplate.fragment.xml": "1550639434065",
  "wty/addFlatrateDialog.fragment.xml": "1550639434055",
  "wty/addFlatrateTemplate.fragment.xml": "1550639434068",
  "wty/addItemActionSheet.fragment.xml": "1550639434087",
  "wty/addMaterialDialog.fragment.xml": "1550639434098",
  "wty/addMaterialTemplate.fragment.xml": "1550639434126",
  "wty/addSubletDialog.fragment.xml": "1550639434112",
  "wty/addSundryDialog.fragment.xml": "1550639434139",
  "wty/Attachments.fragment.xml": "1550639433818",
  "wty/BaseController.js": "1550639433840",
  "wty/changeDirectSwapDialog.fragment.xml": "1550639434151",
  "wty/changeHoursDialog.fragment.xml": "1550639434162",
  "wty/changeInvoiceDateDialog.fragment.xml": "1550639434191",
  "wty/changeInvoiceNumberDialog.fragment.xml": "1550639434178",
  "wty/changeMileageDialog.fragment.xml": "1550639434242",
  "wty/changeMOPEDialog.fragment.xml": "1550639434234",
  "wty/changePartMileageDialog.fragment.xml": "1550639434256",
  "wty/changePFPDialog.fragment.xml": "1550639434293",
  "wty/changeQtyDialog.fragment.xml": "1550639434269",
  "wty/changeReferenceDateDialog.fragment.xml": "1550639434279",
  "wty/changeReferenceDialog.fragment.xml": "1550639434327",
  "wty/changeSymptomDialog.fragment.xml": "1550639434307",
  "wty/changeSymptomTemplate.fragment.xml": "1550639434361",
  "wty/changeTroubleDialog.fragment.xml": "1550639434344",
  "wty/changeValueDialog.fragment.xml": "1550639434375",
  "wty/claimAmendDialog.fragment.xml": "1550639434385",
  "wty/claimDeleteDialog.fragment.xml": "1550639434394",
  "wty/claimSubmitDialog.fragment.xml": "1550639434409",
  "wty/claimTemplate.fragment.xml": "1550639434437",
  "wty/Contribution.fragment.xml": "1550639433860",
  "wty/Create.controller.js": "1550639433895",
  "wty/Create.view.xml": "1550639433875",
  "wty/createFromPWADialog.fragment.xml": "1550639434422",
  "wty/deleteMOPEDialog.fragment.xml": "1550639434453",
  "wty/deletePFPDialog.fragment.xml": "1550639434464",
  "wty/Detail.controller.js": "1550639434013",
  "wty/Detail.view.xml": "1552626508261",
  "wty/Enquiry.controller.js": "1550639433928",
  "wty/Enquiry.view.xml": "1550639433942",
  "wty/headerChangePopover.fragment.xml": "1550639434475",
  "wty/itemDeleteDialog.fragment.xml": "1550639434491",
  "wty/Items.fragment.xml": "1550639433950",
  "wty/ItemsTemplate.fragment.xml": "1552017592133",
  "wty/partReturnDialog.fragment.xml": "1550639434503",
  "wty/qualDialog.fragment.xml": "1550639434512",
  "wty/repDateDialog.fragment.xml": "1550639434526",
  "wty/standardForm.fragment.xml": "1550639434554",
  "wty/texts.fragment.xml": "1550639434540",
  "wty/wtyTexts.fragment.xml": "1550639434566"
}