<core:FragmentDefinition xmlns:core="sap.ui.core" xmlns="sap.m">
    <Table inset="false" items="{part>Inventory}">
        <headerToolbar>
            <Toolbar>
                <Label text="{i18n>partsDealerStockLevels}"></Label>
            </Toolbar>
        </headerToolbar>
        <columns>
            <Column>
                <Text text="{part>/#Part/Inventory/Name/@sap:label}" />
            </Column>
            <Column>
                <Text text="{part>/#Part/Inventory/City/@sap:label} / {part>/#Part/Inventory/Street/@sap:label}" />
            </Column>
            <Column minScreenWidth="Tablet" demandPopin="false">
                <Text text="{part>/#Part/Inventory/PhoneNumber/@sap:label}" />
            </Column>
            <Column hAlign="Right">
                <Text text="{part>/#Part/Inventory/Stock/@sap:label}" />
            </Column>
        </columns>
        <items>
            <ColumnListItem>
                <cells>
                    <ObjectIdentifier title="{part>Name}" class="sapMTableContentMargin" />
                    <ObjectIdentifier title="{part>City}" text="{part>Street}" />
                    <Text text="{part>PhoneNumber}" />
                    <ObjectNumber number="{part>Stock}" numberUnit="{part>Uom}" state="{path:'part>CreatedDate', formatter:'.stockAgeStatus'}" />
                </cells>
            </ColumnListItem>
        </items>
    </Table>
</core:FragmentDefinition>