<core:FragmentDefinition xmlns:l="sap.ui.layout" xmlns:f="sap.ui.layout.form" xmlns:core="sap.ui.core" xmlns="sap.m">
    <l:Grid defaultSpan="L12 M12 S12" width="auto">
        <l:content>
            <f:SimpleForm id="SimpleFormDisplay354" minWidth="1024" maxContainerCols="2" editable="false" layout="ResponsiveGridLayout" title="{part>PartID} {part>PartDesc}" labelSpanL="3" labelSpanM="3" emptySpanL="4" emptySpanM="4" columnsL="1" columnsM="1">
                <f:content>
                    <Label text="{part>/#Part/Width/@sap:label}" />
                    <Text text="{part>Width} {part>Lengthuom}" />
                    <Label text="{part>/#Part/Length/@sap:label}" />
                    <Text text="{part>Length} {part>Lengthuom}" />
                    <Label text="{part>/#Part/Height/@sap:label}" />
                    <Text text="{part>Height} {part>LengthUOM}" /> 
                     <Label text="{part>/#Part/Volume/@sap:label}" />
                    <Text text="{part>Volume} {part>Volumeuom}" /> 
                    <Label text="{part>/#Part/Sizedimensions/@sap:label}" />
                    <Text text="{path:'part>Sizedimensions'}" />
                    <Label text="{part>/#Part/Grossweight/@sap:label}" />
                    <Text text="{path:'part>Grossweight'} {part>Weightuom}" />
                </f:content>
            </f:SimpleForm>
        </l:content>
    </l:Grid>
</core:FragmentDefinition>