<mvc:View 
    controllerName="encollab.dp.parts.Detail" 
    xmlns="sap.m" 
    xmlns:core="sap.ui.core" 
    xmlns:c="encollab.dp.controls"
    xmlns:mvc="sap.ui.core.mvc">
    <Page title="{i18n>partsEnquiryTitle}" showNavButton="{device>/system/phone}" navButtonPress="onNavBack">
        <headerContent>
            <core:Fragment fragmentName="encollab.dp.info.InfoButton" type="XML" />
        </headerContent>
        <content>
            <core:Fragment fragmentName="encollab.dp.parts.PartHeader" type="XML" />
            <IconTabBar expandable="false" expanded="true" >
                <items>
                     <IconTabFilter 
                        id="supercessionTab" 
                        text="{i18n>partsDetailSupercessions}" 
                        icon="sap-icon://org-chart" 
                        count="{path:'part>Supersession',formatter:'.formatter.arrayCount'}" 
                        visible="{path:'part>Supersession',formatter:'.formatter.arrayCountVisible'}">
                        <content>
                            <core:Fragment fragmentName="encollab.dp.parts.supercession.Supercessions" type="XML" />
                        </content>
                    </IconTabFilter> 
                    <IconTabFilter text="{i18n>partsDetailDimensions}" icon="sap-icon://database">
                        <content>
                            <core:Fragment fragmentName="encollab.dp.parts.dimension.Dimensions" type="XML" />
                        </content>
                    </IconTabFilter>
                     <IconTabFilter 
                        text="{i18n>partsDetailDealerStock}" 
                        icon="sap-icon://inventory" 
                        count="{path:'part>Inventory',formatter:'.formatter.arrayCount'}" 
                        visible="{path:'part>Inventory',formatter:'.formatter.arrayCountVisible'}">
                        <content>
                            <core:Fragment fragmentName="encollab.dp.parts.inventory.Inventory" type="XML" />
                        </content>
                    </IconTabFilter> 

                    <IconTabFilter  
                        text="{i18n>partsDetailModels}" 
                        icon="sap-icon://car-rental" 
                        count="{path:'part>Characteristics',formatter:'.formatter.arrayCount'}" 
                        visible="{path:'part>Characteristics',formatter:'.formatter.arrayCountVisible'}">
                        <content>
                            <core:Fragment fragmentName="encollab.dp.parts.characteristics.characteristics" type="XML" />
                        </content>
                    </IconTabFilter> 

                    <IconTabFilter 
                        id="partAttachTab" 
                        key="partAttach" 
                        text="{i18n>partsDetailAttachments}" 
                        icon="sap-icon://attachment" 
                        count="{path:'part>Attachments',formatter:'.formatter.arrayCount'}" 
                        visible="{path:'part>Attachments',formatter:'.formatter.arrayCountVisible'}">
                        <content>
                            <core:Fragment fragmentName="encollab.dp.parts.attachment.Attachments" type="XML" />
                        </content>
                    </IconTabFilter>
                </items>
            </IconTabBar>
        </content>
        <footer>
            <Toolbar>
                <core:Fragment fragmentName="encollab.dp.about.MessageButton" type="XML" />
                <ToolbarSpacer/>
                <ToolbarSpacer/>
                <c:DownloadButton id="idPartsButtonDownload" name="{part>PartID}.csv" />
            </Toolbar>
        </footer>
    </Page>
</mvc:View>