<mvc:View 
    controllerName="encollab.dp.parts.Enquiry" 
    xmlns="sap.m" 
    xmlns:mvc="sap.ui.core.mvc" 
    xmlns:core="sap.ui.core" 
    xmlns:t="sap.ui.table" 
    xmlns:u="sap.ui.unified"
    xmlns:c="encollab.dp.controls" 
    displayBlock="true">
    <Page 
        id="wtyEnquiryPage" 
        title="{i18n>partsEnquiryTitle}" 
        showNavButton="{device>/system/phone}" 
        navButtonPress="onNavBack">
        <headerContent>
            <core:Fragment fragmentName="encollab.dp.info.InfoButton" type="XML" />
        </headerContent>
            <t:Table
                id="partsTable"
                selectionMode="None"
                rows="{data>/parts}">
                <t:toolbar>
                    <Toolbar>
                        <Title text="{data>/count} {i18n>partsEnquiryPartsFound}"></Title>
                        <ToolbarSpacer/>
                        <Label 
                            visible="false" 
                            id="partsSearchLength" 
                            text="{i18n>partsEnquiryInputLength}" />
                        <SearchField 
                            width="50%" 
                            search="onSearchParts"
                            maxLength="40" />
                    </Toolbar>
                </t:toolbar>
                <t:columns>
                    <t:Column
                        sortProperty="PartDesc">
                        <Label text="{i18n>ordersDescription}" />
                        <t:template>
                            <Link text="{data>PartDesc}" press="onPartDescPress" />
                        </t:template>
                    </t:Column>
                    <t:Column
                        sortProperty="PartID">
                        <Label text="{i18n>ordersMaterial}" />
                        <t:template>
                            <Text text="{data>PartID}" />
                        </t:template>
                    </t:Column>
                    <t:Column
                        sortProperty="PartGrpDesc">
                        <Label text="{i18n>ordersMG}" />
                        <t:template>
                            <Text text="{data>PartGrpDesc}" />
                        </t:template>
                    </t:Column>
                    <t:Column
                        sortProperty="Stockonhand">
                        <Label text="{i18n>ordersSOH}" />
                        <t:template>
                            <ObjectStatus 
                                text="{path: 'data>Stockonhand'}"
                                state="{path: 'data>Stockonhand', formatter:'.formatter.yesOrNoState'}"
                            />
                        </t:template>
                    </t:Column>
                    <t:Column
                        sortProperty="Dpstatus">
                        <Label text="{i18n>ordersStatus}" />
                        <t:template>
                            <Text text="{data>Dpstatus}" />
                        </t:template>
                    </t:Column>
                    <t:Column
                        sortProperty="RRP">
                        <Label text="{i18n>ordersPrice}" />
                        <t:template>
                            <u:Currency maxPrecision="0" value="{data>RRP}" currency="{data>PriceUoM}" />
                        </t:template>
                    </t:Column>
                </t:columns>
            </t:Table>
        <footer>
            <Toolbar>
            <core:Fragment fragmentName="encollab.dp.about.MessageButton" type="XML" />
                <ToolbarSpacer/>
                <ToolbarSpacer/>
                <c:DownloadBindingButton style="Default" text="{i18n>download}" table="partsTable" />
            </Toolbar>
        </footer>
    </Page>
</mvc:View>