<core:FragmentDefinition xmlns:core="sap.ui.core" xmlns="sap.m">
    <ObjectHeader 
        responsive="true" 
        title="{part>PartDesc}" 
        intro="{part>PartID}" 
        showTitleSelector="false" 
        titleSelectorPress="onPress" 
        showMarkers="false" 
        markFlagged="true" 
        markFavorite="true" 
        number="{path: 'part>Stockonhand', formatter:'.formatter.yesOrNo'}"
        numberState="{path: 'part>Stockonhand', formatter:'.formatter.yesOrNoState'}"
        backgroundDesign="Translucent">
        <attributes>
            <ObjectAttribute 
                title="{i18n>ordersPrice}"
                text="{path:'part>RRP',formatter:'.formatter.NumberWithThousandsSeparator'} {part>PriceUoM}" 
                visible="{path:'part>RRP',formatter:'.formatter.exists'}" />
            <ObjectAttribute 
                title="{part>#Parts/ModelCode/@sap:label}" 
                text="{ModelCode}" />
        </attributes>
        <statuses>
            <ObjectStatus 
                title="Status" 
                text="{part>Dpstatus}" 
                state="{path:'part>Stockonhand',formatter:'.formatter.quantityState'}" />
        </statuses>
    </ObjectHeader>
</core:FragmentDefinition>