<core:FragmentDefinition xmlns="sap.m" xmlns:core="sap.ui.core">
    <Dialog title="{i18n>addMaterialCausalDialogTitle}" contentWidth="30rem">
        <content>
            <VBox fitContainer="true">
                <items>
                    <Text text="{i18n>addMaterialCausalDialogTitle}?" class="sapUiSmallMarginBottom" />
<!--                     <ComboBox items="{
                            path: 'wty>CausalParts',
                            sorter: { path: 'wty>Description' }
                        }"
                        selectionChange="onAddCausalSelect" >
                        <core:Item key="{wty>Id}" text="{wty>Description}" />
                    </ComboBox> -->
                    <SearchField search="onAddCausalSearch" tooltip="{i18n>partsEnquiryMasterSearchTooltip}" width='100%' />
                    <List id="addCausalList" mode="SingleSelectMaster" select="onAddCausalSelect" growing="true" growingScrollToLoad="true" updateFinished="onAddCausalSelectJ" />
                </items>
            </VBox>
        </content>
        <buttons>
            <Button text="{i18n>cancel}" type="Transparent" press="onDialogCancel"></Button>
        </buttons>
    </Dialog>
</core:FragmentDefinition>