<core:FragmentDefinition xmlns="sap.m" xmlns:core="sap.ui.core">
    <Dialog title="{i18n>addCausalLabourDialogTitle}" contentWidth="30rem">
        <content>
            <VBox fitContainer="true">
                <items>
                    <Text text="{i18n>addCausalLabourDialogTitle}?" class="sapUiSmallMarginBottom" />
<!--                     <ComboBox items="{
                            path: 'wty>Flatrates',
                            sorter: { path: 'wty>Description' }
                        }"
                        selectionChange="onMOPESelected" >
                        <core:Item key="{wty>Id}" text="{wty>Description}" />
                    </ComboBox> -->
                <SearchField search="onAddCausalLabourSearch" tooltip="{i18n>causalLabourSearchTooltip}" width='100%' />
                <List id="addCausalLabourList" mode="SingleSelectMaster" select="onMOPESelected" growing="true" growingScrollToLoad="true" />
                </items>
            </VBox>
        </content>
        <buttons>
<!--             <Button text="{i18n>cancel}" type="Transparent" press="onDialogCancel" /> -->
        </buttons>
    </Dialog>
</core:FragmentDefinition>