<core:FragmentDefinition xmlns="sap.m" xmlns:core="sap.ui.core">
    <Dialog title="{i18n>addWtyFRItemDialogTitle}" contentWidth="35rem">
        <content>
            <VBox fitContainer="true">
                <items>
                    <Text text="{i18n>addWtyFRItemDialogTitle}?" class="sapUiSmallMarginBottom" />
<!--                     <ComboBox items="{
                            path: 'wty>Flatrates',
                            sorter: { path: 'wty>Description' }
                        }"
                        selectionChange="onFlatRateSelect" >
                        <core:Item key="{wty>Id}" text="{wty>Description}" />
                    </ComboBox> -->
                    <SearchField search="onAddFlatrateSearch" width='100%' />
                    <List id="addFlatrateList" mode="SingleSelectMaster" select="onAddFlatrateSelect" growing="true" growingScrollToLoad="true" updateFinished="onAddFlatrateSelect"/>
                </items>
            </VBox>
        </content>
        <buttons>
<!--             <Button text="{i18n>confirm}" type="Transparent" press="onFlatRateSelect"></Button> -->
            <Button text="{i18n>cancel}" type="Transparent" press="onDialogCancel"></Button>
        </buttons>
    </Dialog>
</core:FragmentDefinition>