<core:FragmentDefinition xmlns:u="sap.ui.unified" xmlns="sap.m" xmlns:core="sap.ui.core">
    <Dialog title="{i18n>addSubletDialogTitle}" contentWidth="30rem">
        <content>
            <VBox fitContainer="true">
                <items>
                    <Text text="{i18n>addSubletDialogTitle}?" class="sapUiSmallMarginBottom" />
                    <ComboBox items="{
                            path: 'wty>Sublets',
                            sorter: { path: 'wty>Description' }
                        }"
                        selectionChange="onAddSubletSelect" >
                        <core:Item key="{wty>Id}" text="{wty>Id} - {wty>Description}" />
                    </ComboBox>
<!--                     <SearchField search="onAddMaterialSearch" tooltip="{i18n>partsEnquiryMasterSearchTooltip}" width='100%' />
                    <List id="addMaterialList" mode="SingleSelectMaster" select="onAddCausalSelect" growing="true" growingScrollToLoad="true" updateFinished="onAddCausalSelect" /> -->
                </items>
            </VBox>
        </content>
        <buttons>
<!--             <Button text="{i18n>cancel}" type="Transparent" press="onDialogCancel"></Button> -->
        </buttons>

    </Dialog>
</core:FragmentDefinition>