<core:FragmentDefinition xmlns="sap.m" xmlns:core="sap.ui.core">
    <Dialog title="{i18n>changeInvoiceDateDialogTitle}" contentWidth="30rem" contentHeight="6rem">
        <content>
            <Text text="{i18n>changeInvoiceDateDialogTitleMsg} {wty>MaterialId}?" class="sapUiSmallMarginBottom" />
            <FlexBox alignItems="Start" justifyContent="Center">
                <items>
                    <DatePicker id="newInvoiceDate" value="{= ${wty>ValueDescription}.length > 0 ? ${wty>ValueDescription} : ${path:'wty>Value',formatter:'.formatter.sapDate'}}" valueFormat="yyyMMdd" displayFormat="dd/MM/yyyy" placeholder="Enter date" />
                </items>
            </FlexBox>
        </content>
        <buttons>
            <Button id="confirmButton" text="{i18n>confirm}" type="Transparent" press="onInvoiceDateChange"></Button>
            <Button text="{i18n>cancel}" type="Transparent" press="onDialogCancel"></Button>
        </buttons>
    </Dialog>
</core:FragmentDefinition>