<core:FragmentDefinition xmlns="sap.m" xmlns:core="sap.ui.core">
    <Dialog title="{i18n>changeReferenceDialogTitle}" contentWidth="30rem" contentHeight="6rem">
        <content>
            <Text text="{i18n>changeReferenceDialogTitleMsg} {wty>MaterialId}?" class="sapUiSmallMarginBottom" />
            <FlexBox alignItems="Start" justifyContent="Center">
                <items>
                    <Input width="25rem" id="newReference" value="{wty>ReferenceNo}" placeholder="Enter Reference" />
                </items>
            </FlexBox>
        </content>
        <buttons>
            <Button id="confirmButton" text="{i18n>confirm}" type="Transparent" press="onReferenceChange"></Button>
            <Button text="{i18n>cancel}" type="Transparent" press="onDialogCancel"></Button>
        </buttons>
    </Dialog>
</core:FragmentDefinition>