<core:FragmentDefinition xmlns="sap.m" xmlns:core="sap.ui.core">
    <Dialog title="{i18n>changeMOPEDialogTitle}" contentWidth="35rem">
        <content>
            <VBox fitContainer="true">
                <items>
                    <Text text="{i18n>changeMOPEDialogTitle}?" class="sapUiSmallMarginBottom" />
                    <SearchField search="onAddFlatrateSearch" width='100%' />
                    <List id="addFlatrateList" mode="SingleSelectMaster" select="onChangeMOPESelect" growing="true" growingScrollToLoad="true" />
                </items>
            </VBox>
        </content>
        <buttons>
            <Button text="{i18n>remove}" icon="sap-icon://delete" press="onChangeMOPESelect"></Button>
            <Button text="{i18n>cancel}" type="Transparent" press="onDialogCancel"></Button>
        </buttons>
    </Dialog>
</core:FragmentDefinition>