<core:FragmentDefinition xmlns="sap.m" xmlns:core="sap.ui.core">
    <Dialog title="{i18n>changeTroubleDialogTitle}" contentWidth="35rem">
        <content>
            <VBox fitContainer="true">
                <items>
                    <Text text="{i18n>changeTroubleDialogTitle}?" class="sapUiSmallMarginBottom" />
                    <SearchField search="onTroubleSearch" width='100%' />
                    <List id="changeTroubleList" mode="SingleSelectMaster" select="onTroubleSelect" growing="true" growingScrollToLoad="true" />
                </items>
            </VBox>
        </content>
        <buttons>
            <Button text="{i18n>cancel}" type="Transparent" press="onDialogCancel"></Button>
        </buttons>
    </Dialog>
</core:FragmentDefinition>