<core:FragmentDefinition xmlns="sap.m" xmlns:core="sap.ui.core">
    <Dialog title="{i18n>changeItemValueDialogTitle}" contentWidth="30rem" contentHeight="8rem">
        <content>
            <Text text="{i18n>changeItemValueDialogConfirmMsg}" class="sapUiSmallMarginBottom" />
            <FlexBox alignItems="Start" justifyContent="Center">
                <items>
                    <Input id="newValue" type="Number" value="{path:'wty>AmountClaimed',formatter:'.formatter.Number'}" liveChange="onValueLiveChange" class="itemQtyChange"/>
                </items>
            </FlexBox>
        </content>
        <buttons>
            <Button id="confirmButton" text="{i18n>confirm}" type="Transparent" press="onValueDialogConfirm"></Button>
            <Button text="{i18n>cancel}" type="Transparent" press="onDialogCancel"></Button>
        </buttons>
    </Dialog>
</core:FragmentDefinition>