<core:FragmentDefinition xmlns="sap.m" xmlns:core="sap.ui.core">
    <Dialog title="{i18n>changeInvoiceNumberDialogTitle}" contentWidth="30rem" contentHeight="6rem">
        <content>
            <Text text="{i18n>changeInvoiceNumberDialogTitleMsg} {wty>MaterialId}?" class="sapUiSmallMarginBottom" />
            <FlexBox alignItems="Start" justifyContent="Center">
                <items>
                    <Input id="newInvoiceNumber" value="{= ${wty>ValueDescription}.length > 0 ? ${wty>ValueDescription} : ${wty>Value}}" placeholder="Enter invoice" />
                </items>
            </FlexBox>
        </content>
        <buttons>
            <Button id="confirmButton" text="{i18n>confirm}" type="Transparent" press="onInvoiceNumberChange"></Button>
            <Button text="{i18n>cancel}" type="Transparent" press="onDialogCancel"></Button>
        </buttons>
    </Dialog>
</core:FragmentDefinition>