<core:FragmentDefinition xmlns="sap.m" xmlns:core="sap.ui.core">
    <Dialog title="{i18n>changePFPDialogTitle}" contentWidth="30rem">
        <content>
            <VBox fitContainer="true">
                <items>
                    <Text text="{i18n>changePFPDialogTitle}?" class="sapUiSmallMarginBottom" />
                    <SearchField search="onAddMaterialSearch" tooltip="{i18n>partsEnquiryMasterSearchTooltip}" width='100%' />
                    <List id="addMaterialList" mode="SingleSelectMaster" select="onChangePFPSelect" growing="true" growingScrollToLoad="true" />
                </items>
            </VBox>
        </content>
        <buttons>
            <Button text="{i18n>remove}" icon="sap-icon://delete" press="onChangePFPSelect"></Button>
            <Button text="{i18n>cancel}" type="Transparent" press="onDialogCancel"></Button>
        </buttons>
    </Dialog>
</core:FragmentDefinition>