<core:FragmentDefinition xmlns="sap.m" xmlns:core="sap.ui.core">
    <Dialog title="{i18n>changeDirectSwapDialogTitle}" contentWidth="30rem" contentHeight="6rem">
        <content>
            <Text text="{i18n>changeDirectSwapDialogTitleMsg} {wty>MaterialId}?" class="sapUiSmallMarginBottom" />
            <FlexBox alignItems="Start" justifyContent="Center">
                <items>
                    <Select width="25rem" items="{data>/ReturnReasons}" id="idDirectSwapSelect" forceSelection="true" selectedKey="data>/selected">
                        <core:Item key="{data>Status}" text="{data>Description}" />
                    </Select>
                </items>
            </FlexBox>
        </content>
        <buttons>
            <Button id="confirmButton" text="{i18n>confirm}" type="Transparent" press="onReturnStatusConfirm"></Button>
            <Button text="{i18n>cancel}" type="Transparent" press="onDialogCancel"></Button>
        </buttons>
    </Dialog>
</core:FragmentDefinition>