<core:FragmentDefinition xmlns:core="sap.ui.core" xmlns="sap.m">
    <ObjectListItem title="{wty>ClaimDescr}" type="Navigation" number="Rp {wty>AmountClaimed}" >
        <firstStatus>
            <ObjectStatus text="{wty>ClaimDescr}" />
        </firstStatus>
        <secondStatus>
<!--             <ObjectStatus text="{wty>StatusText}" state="{path:'wty>Status',formatter:'.formatter.SOStatusState'}" /> -->
                    <ObjectStatus title="{wty>StatusId/#@sap:label}" text="{path:'wty>StatusDescr'}" state="{path:'wty>StatusId',formatter:'.formatter.wtyStatusState'}" />
        </secondStatus>
        <attributes>
            <ObjectAttribute title="VIN" text="{path:'wty>VIN'}" />
            <ObjectAttribute title="{wty>Dealer/#@sap:label}" text="{path:'wty>DealerName'}" />
            <ObjectAttribute title="{wty>ReferenceNo/#@sap:label}" text="{path:'wty>ReferenceNo'}" />
            <ObjectAttribute title="{wty>ClaimNo/#@sap:label}" text="{path:'wty>ClaimNo',formatter:'.formatter.Number'}" />
            <ObjectAttribute title="{wty>ReferenceDate/#@sap:label}" text="{path:'wty>ReferenceDate',formatter:'.formatter.Date'}" />
            <ObjectAttribute title="{wty>CustomerPONr/#@sap:label}" text="{path:'wty>CustomerPONr'}" />
        </attributes>
    </ObjectListItem>
</core:FragmentDefinition>