<core:FragmentDefinition xmlns:t="sap.ui.table" xmlns:l="sap.ui.layout" xmlns:f="sap.ui.layout.form" xmlns:core="sap.ui.core" xmlns="sap.m">
			<t:Table
				id="table"
				selectionMode="None"
				rows="{contribModel>/}"
				visibleRowCount="3">
				<t:title>
					<HBox>
						<items>
							<core:Icon src="sap-icon://cart" alt="Cart" size="1.25rem"/>
							<Title text="Suggested Contributions" titleStyle="H3" class="sapUiTinyMarginBeginEnd"/>
						</items>
					</HBox>
				</t:title>
				<t:columns>
					<t:Column width="11rem">
						<t:template>
							<Text text="{contribModel>label}"/>
						</t:template>
					</t:Column>
					<t:Column width="11rem">
						<Label text="Distributor" />
						<t:template>
							<Input type="Number" enabled="{path:'ClaimNr',formatter:'.isChangeable'}" value="{contribModel>Distributor}" />
						</t:template>
					</t:Column>
					<t:Column width="11rem">
						<Label text="Dealer" />
						<t:template>
							<Input type="Number" enabled="{path:'ClaimNr',formatter:'.isChangeable'}" value="{contribModel>Dealer}"/>
						</t:template>
					</t:Column>
					<t:Column width="12rem">
						<Label text="Customer" />
						<t:template>
							<Input type="Number" enabled="{path:'ClaimNr',formatter:'.isChangeable'}" value="{contribModel>Customer}"/>
						</t:template>
					</t:Column>
					<t:Column width="9rem">
						<Label text="Total" />
						<t:template>
							<Input type="Number" enabled="false" value="{parts:[{path:'contribModel>Distributor'},{path:'contribModel>Dealer'},{path:'contribModel>Customer'}], formatter: '.contribTotalFormatter'}" valueState="{parts:[{path:'contribModel>Distributor'},{path:'contribModel>Dealer'},{path:'contribModel>Customer'}], formatter: '.contribValStateFormatter'}"/>
						</t:template>
					</t:Column>
				</t:columns>
				<t:footer>
					<Toolbar>
						<ToolbarSpacer/>
                <MessageStrip class="sapUiTinyMargin" text="Under Construction. The backend code &amp; plumbing for this feature is not yet available." type="Warning" showIcon="true" />
					</Toolbar>
				</t:footer>
			</t:Table>
</core:FragmentDefinition>