<core:FragmentDefinition xmlns="sap.m" xmlns:core="sap.ui.core">
    <Dialog title="{i18n>Confirm delete}" contentWidth="20rem">
        <content>
            <VBox fitContainer="true">
                <items>
                    <Text text="Really delete PFP?" class="sapUiSmallMargin" />
                </items>
            </VBox>
        </content>
        <buttons>
            <Button text="{i18n>confirm}" type="Transparent" press="onDeletePFPConfirm"></Button>
            <Button text="{i18n>cancel}" type="Transparent" press="onDialogCancel"></Button>
        </buttons>
    </Dialog>
</core:FragmentDefinition>