<mvc:View controllerName="encollab.dp.wty.Detail" xmlns="sap.m" xmlns:core="sap.ui.core" xmlns:mvc="sap.ui.core.mvc" xmlns:c="encollab.dp.controls">
    <Page title="{i18n>wtyDetailTitle} {path:'wty>ClaimNo',formatter:'.formatter.Number'}" showNavButton="{device>/system/phone}" navButtonPress="onNavBack">
        <headerContent>
            <core:Fragment fragmentName="encollab.dp.info.InfoButton" type="XML" />
        </headerContent>
        <content>
            <ObjectHeader responsive="true" fullScreenOptimized="false" title="{wty>ClaimDescr}" intro="{wty>DealerName}" titleActive="true" number="{
                    parts:[
                        {path:'wty>AmountClaimed'},
                        {path:'wty>AmountClaimedCurrency'},
                        {path:'wty>AmountApproved'},
                        {path:'wty>AmountApprovedCurrency'}
                    ],
                    formatter:'.formatter.wtyICOCValue'
                    }"  showMarkers="false" markFlagged="true" markFavorite="true" numberState="Success" backgroundDesign="Translucent">
                <attributes>
                    <ObjectAttribute title="{wty>ClaimNo/#@sap:label}" text="{wty>ClaimNo}" />
                    <ObjectAttribute title="{wty>Qualifier/#@sap:label}" text="{wty>QualifierText}" />
<!--                     <ObjectAttribute id="idQual" title="{wty>Description}" text="{= ${wty>ValueDescription}.length > 0 ? ${wty>ValueDescription} : ${wty>Value}}" active="{viewModel>/isChangeable}" press="onQualPress" /> -->
<!--                     <ObjectAttribute id="idClaimType" title="{wty>ClaimType/#@sap:label}" text="{= ${wty>ClaimTypeDescr} === '' ? ${wty>ClaimType} : ${wty>ClaimTypeDescr}}" /> -->
                    <ObjectAttribute title="VIN" text="{wty>VIN}" active="true" press="onVINPressed" visible="{viewModel>/isVehicleClaim}" />
<!--                     <ObjectAttribute title="{ModelDescription/#@sap:label}" text="{ModelDescription}" /> -->
                    <ObjectAttribute title="{wty>ReferenceNo/#@sap:label}" text="{wty>ReferenceNo}"  active="{viewModel>/isChangeable}" press="onReferencePress"/>
                    <ObjectAttribute title="{wty>ReferenceDate/#@sap:label}" text="{path:'wty>ReferenceDate',type: 'sap.ui.model.type.Date',formatOptions: { pattern: 'dd/MM/yyyy'}}"  active="{viewModel>/isChangeable}" press="onReferenceDatePress"/>
                    <ObjectAttribute id="idRepairRange" title="{wty>Description}" active="{viewModel>/isChangeable}" press="onRepairPress" visible="{viewModel>/isVehicleClaim}"/>
                    <ObjectAttribute id="idPFP" title="{wty>Description}" text="{wty>Value}{= ${wty>ValueDescription}.length > 0 ? ' - ' : ${i18n>notAvailable}}{wty>ValueDescription}" active="{viewModel>/isChangeable}" press="onPFPPress" visible="{viewModel>/isVehicleClaim}" class="encollabUIOverFlowVisible" />
                    <ObjectAttribute id="idMOPE" title="{wty>Description}" text="{wty>Value}{= ${wty>ValueDescription}.length > 0 ? ' - ' : ${i18n>notAvailable}}{wty>ValueDescription}" active="{viewModel>/isChangeable}" press="onMOPEPress" visible="{viewModel>/isVehicleClaim}" class="encollabUIOverFlowVisible" />
                    <ObjectAttribute id="idSymptom" title="{wty>Description}" text="{wty>Value}{= ${wty>ValueDescription}.length > 0 ? ' - ' : ${i18n>notAvailable}}{wty>ValueDescription}" active="{viewModel>/isChangeable}" press="onSymptomPress" visible="{viewModel>/isVehicleClaim}" class="encollabUIOverFlowVisible" />
                    <ObjectAttribute id="idTrouble" title="{wty>Description}" text="{wty>Value}{= ${wty>ValueDescription}.length > 0 ? ' - ' : ${i18n>notAvailable}}{wty>ValueDescription}" active="{viewModel>/isChangeable}" press="onTroublePress" visible="{viewModel>/isVehicleClaim}" class="encollabUIOverFlowVisible" />
                    <ObjectAttribute id="idDirectSwapStatus" title="Direct Swap" text="{path: 'wty>DirectSwapDescr'}" active="true" press="onReturnStatus" class="encollabUIOverFlowVisible"/>
                    <ObjectAttribute id="idMileage" title="{wty>Description}" text="{= ${wty>ValueDescription}.length > 0 ? ${wty>ValueDescription} : ${wty>Value}}" active="{viewModel>/isChangeable}" press="onMileagePress" visible="{viewModel>/isVehicleClaim}"/>
                    <ObjectAttribute id="idPartInvoiceNo" title="{wty>Description}" text="{= ${wty>ValueDescription}.length > 0 ? ${wty>ValueDescription} : ${wty>Value}}" active="{viewModel>/isChangeable}" press="onInvoiceNumberPress" />
                    <ObjectAttribute id="idPartInvoiceDate" title="{wty>Description}" text="{= ${wty>ValueDescription}.length > 0 ? ${wty>ValueDescription} : ${path:'wty>Value',formatter:'.formatter.sapDate'}}" active="{viewModel>/isChangeable}" press="onInvoiceDatePress" />
                    <ObjectAttribute id="idPartMileage" title="{wty>Description}" text="{= ${wty>ValueDescription}.length > 0 ? ${wty>ValueDescription} : ${wty>Value}}" active="{viewModel>/isChangeable}" press="onPartMileagePress"/>
                    <ObjectAttribute title="{wty>AmountClaimed/#@sap:label}" text="{path:'wty>AmountClaimed',formatter:'.formatter.NumberWithThousandsSeparator'} {wty>AmountClaimedCurrency}" />
                    <ObjectAttribute title="{wty>AmountApproved/#@sap:label}" text="{path:'wty>AmountApproved',formatter:'.formatter.NumberWithThousandsSeparator'} {wty>AmountApprovedCurrency}" />
<!--                     <ObjectAttribute title="{MainOperationCode/#@sap:label}" text="{MainOperationCodeDesc}" /> -->
                    <ObjectAttribute title="{wty>Created_By/#@sap:label}" text="{wty>Creator/Fullname}" />
                </attributes>
                <statuses>
                    <ObjectStatus title="{wty>StatusId/#@sap:label}" text="{path:'wty>StatusDescr'}" state="{path:'wty>StatusId',formatter:'.formatter.wtyStatusState'}" />
                </statuses>
                <headerContainer>
                </headerContainer>
            </ObjectHeader>
<!--             <MessageStrip text="{/WtyHeaders/AdjudicationText/#@sap:label}: {AdjudicationText}" visible="{path:'AdjudicationText',formatter:'.formatter.exists'}" type="Error" showIcon="true" showCloseButton="false">
            </MessageStrip> -->
            <IconTabBar id="iconTabBar" select="onIconTabBarSelect" expandable="false">
                <items>
                    <IconTabFilter id="iconTabIC" key="ic" text="{i18n>items}" icon="sap-icon://sales-order-item" count="{path:'WtyItems',formatter:'.formatter.arrayCount'}" >
                        <content>
                            <core:Fragment fragmentName="encollab.dp.wty.Items" type="XML" />
                        </content>
                    </IconTabFilter>
                    <IconTabFilter id="iconTabTexts" text="{i18n>wtyDetailTexts}" icon="sap-icon://document-text" >
                        <content>
                            <core:Fragment fragmentName="encollab.dp.wty.wtyTexts" type="XML" />
                        </content>
                    </IconTabFilter>
                    <IconTabFilter id="attachTab" key="attach" text="{i18n>attachments}" icon="sap-icon://attachment" count="{path:'wty>Attachments',formatter:'.formatter.arrayCount'}" visible="true">
                        <content>
                            <core:Fragment fragmentName="encollab.dp.wty.Attachments" type="XML" />
                        </content>
                    </IconTabFilter>
<!--                     <IconTabFilter id="contribTab" key="contrib" text="{i18n>wtyDetailContrib}" icon="sap-icon://share-2" visible="false">
                        <content>
                            <core:Fragment fragmentName="encollab.dp.wty.Contribution" type="XML" />
                        </content>
                    </IconTabFilter> -->
                </items>
            </IconTabBar>
        </content>
        <footer>
            <Toolbar>
                <core:Fragment fragmentName="encollab.dp.about.MessageButton" type="XML" />
                <ToolbarSpacer/>
                <ToolbarSpacer/>
<!--                 <Button id="checkClaim" icon="sap-icon://approvals" type="Default" text="Check Claim" press="onCheckClaim" visible="{viewModel>/isSubmitable}"/> -->
<!--                 <Button id="amendButton" icon="sap-icon://restart" type="Default" text="Amend Claim" press="onClaimAmend" visible="{path:'ClaimNo',formatter:'.isAmendable'}" /> -->
                <Button id="submitButton" icon="sap-icon://paper-plane" type="Emphasized" text="Submit" press="onClaimSubmit" visible="{viewModel>/isSubmitable}" enabled="{viewModel>/isReadyToSubmit}"/>
<!--                 <Button id="createButton" icon="sap-icon://create" type="Emphasized" text="{i18n>wtyPWACreateButtonTooltip}" press="onClaimCreate" visible="{path:'ClaimNo',formatter:'.isCreateable'}" enabled="{path:'ClaimNo',formatter:'.isReadyToCreate'}"/> -->
                <Button id="deleteButton" icon="sap-icon://delete" press="onClaimDelete" visible="{viewModel>/isSubmitable}" type="Reject" />
                <c:DownloadButton id="idWtyButtonDownload" name="{wty>ClaimNo}.csv" />
            </Toolbar>
        </footer>
    </Page>
</mvc:View>