<core:FragmentDefinition xmlns="sap.m" xmlns:l="sap.ui.layout" xmlns:core="sap.ui.core">
    <ResponsivePopover title="{i18n>wtyDetailChangeWtyHeaderFields}" placement="Bottom" bounce="true" contentWidth="450px">
        <content>
            <l:VerticalLayout class="sapUiContentPadding" width="100%">
                <l:content>
                    <Label text="{wty>/#WarrantyClaim/ReferenceDate/@sap:label}" />
                    <DatePicker id="idReferenceDate" value="{path:'wty>ReferenceDate', type:'sap.ui.model.type.Date', formatOptions: { style: 'full', strictParsing: true}}" width="auto" enabled="{viewModel>/isChangeable}"/>
                    <Label text="{wty>ReferenceNo/#@sap:label}" />
                    <Input id="idReferenceNo" type="Text" class="sapUiSmallMarginBottom" value="{wty>ReferenceNo}" enabled="{viewModel>/isChangeable}" width="100%" />
<!--                     <Input id="idWtyHeaderText" type="Text" class="sapUiSmallMarginBottom" value="{ReferenceNo}" enabled="{viewModel>/isChangeable}" width="100%" /> -->
<!--                     <Label text="{Mileage/#@sap:label}" />
                    <Input id="idMileage" type="Text" class="sapUiSmallMarginBottom" value="{Mileage}" description="{MileageUOM}" width="auto" liveChange="checkKms" enabled="{viewModel>/isChangeable}"/>
                    <Label text="{SymptomCode/#@sap:label}" visible="{path:'SymptomCode',formatter:'.isCustomerInchcape'}" />
                    <Select id="idSymptomCode" autoAdjustWidth="true" items="{/WtySymptomCodes}" selectedKey="{SymptomCode}" visible="{path:'SymptomCode',formatter:'.isCustomerInchcape'}" enabled="{viewModel>/isChangeable}" width="auto">
                        <core:Item key="{SymptomCode}" text="{SymptomCodeName}" />
                    </Select>
                    <Label text="{wty>/#WarrantyClaim/TroubleCode/@sap:label}" visible="{path:'SymptomCode',formatter:'.isCustomerInchcape'}" />
                    <Select id="idTroubleCode" autoAdjustWidth="true" items="{/WtyTroubleCodes}" selectedKey="{TroubleCode}" visible="{path:'SymptomCode',formatter:'.isCustomerInchcape'}" enabled="{viewModel>/isChangeable}" width="auto">
                        <core:Item key="{TroubleCode}" text="{TroubleCodeName}" />
                    </Select>
                    <Label text="{wty>/#WarrantyClaim/PartsInvoiceDate/@sap:label}" visible="{path:'ClaimType',formatter:'.partsInvoiceDateVisible'}" />
                    <DatePicker id="idPartsInvoiceDate" value="{path:'PartsInvoiceDate', type:'sap.ui.model.type.Date', formatOptions: { style: 'medium', strictParsing: true}}" width="auto" visible="{path:'ClaimType',formatter:'.partsInvoiceDateVisible'}" enabled="{viewModel>/isChangeable}"/> -->
<!--                     <Label text="{wty>/#WarrantyClaim/ClaimSubmissionDate/@sap:label}" visible="{path:'SymptomCode',formatter:'.isCustomerInchcape'}" />
                    <DatePicker value="{path:'ClaimSubmissionDate', type:'sap.ui.model.type.Date', formatOptions: { style: 'medium', strictParsing: true}}" width="auto" visible="{path:'SymptomCode',formatter:'.isCustomerInchcape'}" enabled="{viewModel>/isChangeable}"/> -->
<!--                     <Label text="{wty>/#WarrantyClaim/ClaimCategoryCode/@sap:label}" visible="{path:'SymptomCode',formatter:'.isCustomerInchcape'}" />
                    <Select id="idClaimCategoryCode" autoAdjustWidth="true" items="{/WtyClaimCatCodes}" selectedKey="{ClaimCategoryCode}" visible="{path:'SymptomCode',formatter:'.isCustomerInchcape'}" enabled="{viewModel>/isChangeable}" width="auto">
                        <core:Item key="{ClaimCatCode}" text="{ClaimCatCodeName}" />
                    </Select> -->
<!--                     <Label text="{wty>/#WarrantyClaim/LocationGridCode/@sap:label}" visible="{path:'SymptomCode',formatter:'.isCustomerInchcape'}" />
                    <Input id="idLocationGridCode" value="{LocationGridCode}" valueStateText="Enter location grid code" visible="{path:'SymptomCode',formatter:'.isCustomerInchcape'}" enabled="{viewModel>/isChangeable}" width="auto" maxLength="3"/> -->
<!--                     <Label text="{wty>/#WarrantyClaim/DiagnosisTroubleCode/@sap:label}" visible="{path:'SymptomCode',formatter:'.isCustomerInchcape'}" />
                    <Input id="idDiagnosisTroubleCode" value="{DiagnosisTroubleCode}" valueStateText="Enter trouble code" visible="{path:'SymptomCode',formatter:'.isCustomerInchcape'}" enabled="{viewModel>/isChangeable}" width="auto" maxLength="150"/> -->
                </l:content>
            </l:VerticalLayout>
        </content>
        <beginButton>
            <Button text="{i18n>confirm}" press="handlePopoverConfirmButton" visible="{viewModel>/isChangeable}"/>
        </beginButton>
        <endButton>
            <Button text="{i18n>cancel}" press="handlePopoverCancelButton" />
        </endButton>
    </ResponsivePopover>
</core:FragmentDefinition>