<core:FragmentDefinition xmlns:core="sap.ui.core" xmlns:dp="encollab.dp.controls" xmlns="sap.m">
    <dp:ColumnListItem type="Inactive" counter="0" role="{parts:[{path:'wty>ItemType'},{path:'wty>CausalPart'}],formatter:'.itemRoleFormatter'}">
        <dp:cells>
            <Text text="{parts:[{path:'wty>ItemType'}],formatter:'.itemTypeFormatter'}" maxLines="0"></Text>
            <ObjectIdentifier title="{wty>Description}" text="{wty>MaterialId}" badgeNotes="false" badgePeople="false" badgeAttachments="false" titleActive="{= ${wty>ItemType} === 'MAT'}" titlePress="onItemPress"></ObjectIdentifier>
            <ObjectAttribute text="{path:'wty>Quantity',formatter:'.formatter.MaxTwoDecimals'} {wty>UoM}" press="onChangeItemQty" active="{= ${viewModel>/isChangeable} ? ${wty>ItemType} !== 'FR': false }" />
            <ObjectAttribute text="{path:'wty>AmountClaimed',formatter:'.formatter.NumberWithThousandsSeparator'}" press="onChangeItemValue" active="{= ${viewModel>/isChangeable} ? ${wty>ItemType} === 'SUBL' : false }" class="wtyValueIC" />
            <VBox>
                <ObjectNumber number="{path:'wty>AmountApproved',formatter:'.formatter.NumberWithThousandsSeparator'}" state="{parts:[{path:'wty>AmountClaimed'},{path:'wty>AmountApproved'}],formatter:'.formatter.wtyICOCState'}" textAlign="End" />
                <HBox justifyContent="End" visible="{= ${viewModel>/isMyDealer} &amp;&amp; ${wty>ReturnPartStatus}.length > 0}">
                    <core:Icon src="sap-icon://warning2" class="sapThemeCriticalText" visible="{= ${wty>ReturnPartStatus} === 'A'}"/>
                    <ObjectAttribute text=" {wty>ReturnPartDescription}" active="{= ${wty>ReturnPartStatus} === 'A'}" press="onItemReturn" class="sapThemeCriticalText"/>
                </HBox>
            </VBox>
            <Button icon="sap-icon://delete" press="onItemDelete" tooltip="Delete item" visible="{viewModel>/isChangeable}" />
        </dp:cells>
    </dp:ColumnListItem>
</core:FragmentDefinition>