<core:FragmentDefinition xmlns:l="sap.ui.layout" xmlns:f="sap.ui.layout.form" xmlns:core="sap.ui.core" xmlns:dp="encollab.dp.controls" xmlns="sap.m">
    <l:Grid defaultSpan="L12 M12 S12" width="auto">
        <l:content>
            <Table id="wtyItems" noDataText="No data" updateFinished="onUpdateFinished" items="{wty>Items}">
                <columns>
                    <Column mergeDuplicates="true" minScreenWidth="Tablet" demandPopin="true" popinDisplay="Inline">
                        <header>
                            <Label text="{/wty>#WarrantyItem/ItemType/@sap:label}"></Label>
                        </header>
                    </Column>
                    <Column>
                        <header>
                            <Label text="{wty>/#WarrantyItem/Description/@sap:label}"></Label>
                        </header>
                    </Column>
                    <Column hAlign="Center" minScreenWidth="tablet" demandPopin="true">
                        <header>
                            <Label text="{wty>/#WarrantyItem/Quantity/@sap:label}" textAlign="Center"></Label>
                        </header>
                    </Column>
                    <Column hAlign="Right" minScreenWidth="tablet" demandPopin="true">
                        <header>
                            <Label text="{wty>/#WarrantyItem/AmountClaimed/@sap:label}" textAlign="Right"></Label>
                        </header>
                    </Column>
                    <Column hAlign="Right" minScreenWidth="tablet" demandPopin="true">
                        <header>
                            <Label text="{wty>/#WarrantyItem/AmountApproved/@sap:label}" textAlign="Right"></Label>
                        </header>
                    </Column>
                    <Column hAlign="Right" visible="{viewModel>/isChangeable}">
                        <header>
                            <Button icon="sap-icon://add" press="onItemAdd" tooltip="Add item" />
                        </header>
                    </Column>
                </columns>
                <items>
                    <core:Fragment fragmentName="encollab.dp.wty.ItemsTemplate" type="XML" />
                </items>
            </Table>
        </l:content>
    </l:Grid>
</core:FragmentDefinition>