<core:FragmentDefinition xmlns="sap.m" xmlns:core="sap.ui.core">
    <Dialog title="{i18n>partReturnDialogTitle}" contentWidth="30rem" >
        <content>
            <Text text="{parts:[{path: 'i18n>partReturnDialogConfirmMsg'},{path: 'wty>MaterialId'}], formatter: 'jQuery.sap.formatMessage'}" class="sapUiSmallMarginBottom" />
        </content>
        <buttons>
            <Button text="{i18n>confirm}" type="Transparent" press="onPartReturnDialogConfirm"></Button>
            <Button text="{i18n>cancel}" type="Transparent" press="onDialogCancel"></Button>
        </buttons>
    </Dialog>
</core:FragmentDefinition>