<core:FragmentDefinition xmlns="sap.m" xmlns:core="sap.ui.core">
    <Dialog title="{i18n>changeQualDialogTitle}" contentWidth="30rem">
        <content>
            <VBox fitContainer="true">
                <Select id="idQualSelect" forceSelection="false" selectedKey="{wty>Value}" items="{wty>/WarrantyQualifiers}" change="onQualDialogConfirm">
                    <core:Item key="{wty>Id}" text="{wty>Description}" />
                </Select>
            </VBox>
        </content>
        <buttons>
            <Button text="{i18n>confirm}" type="Transparent" press="onQualDialogConfirm"></Button>
            <Button text="{i18n>cancel}" type="Transparent" press="onDialogCancel"></Button>
        </buttons>
    </Dialog>
</core:FragmentDefinition>