<core:FragmentDefinition xmlns="sap.m" xmlns:core="sap.ui.core">
    <Dialog title="{i18n>changeRepDateDialogTitle}" contentWidth="30rem">
        <content>
            <VBox fitContainer="true">
        <DateRangeSelection
            id="repDateRanger"
            maxDate="{wty>ReferenceDate}"
            displayFormat="EEEE, d MMMM YYYY"
            change="onRepDateDialogConfirm"
            width="100%"
        />
            </VBox>
        </content>
        <buttons>
            <Button text="{i18n>confirm}" type="Transparent" press="onRepDateDialogConfirm"></Button>
            <Button text="{i18n>cancel}" type="Transparent" press="onDialogCancel"></Button>
        </buttons>
    </Dialog>
</core:FragmentDefinition>