<core:FragmentDefinition xmlns:form="sap.ui.layout.form" xmlns="sap.m" xmlns:core="sap.ui.core">
    <form:SimpleForm editable="true">
        <Label text="{wty>/#WarrantyClaim/ClaimType/@sap:label}" required="true" />
        <Select id="claimType" autoAdjustWidth="true" items="{wty>/WarrantyClaimTypes}" selectedKey="{newClaim>/Header/ClaimType}" change="onClaimTypeChange" enabled="false" visible="false" >
            <core:Item key="{wty>Type}" text="{wty>Description}" />
        </Select>
        <Label text="WTY Qualifier Out." required="true" />
        <Select id="wtyQual" autoAdjustWidth="true" selectedKey="{newClaim>/Qualifier/Value}" change="onQualifierChange" visible="{= ${newClaim>/Qualifier/Value} !== 'SC' &amp;&amp; ${newClaim>/Qualifier/Value} !== 'EX'}" />
        <Label text="{wty>/#WarrantyClaim/Dealer/@sap:label}" required="true" />
        <Select id="partner" autoAdjustWidth="true" items="{core>/Users('SY-UNAME')/Dealers}" selectedKey="{newClaim>/Header/Dealer}" change="onDealerChange" >
            <core:Item key="{core>Id}" text="{core>Name}" />
        </Select>
        <Label text="{wty>/#WarrantyClaim/ReferenceDate/@sap:label}" required="true" />
        <DatePicker placeholder="Enter Reference Date ..." value="{path:'newClaim>/Header/ReferenceDate', type:'sap.ui.model.type.Date', formatOptions: { style: 'full', strictParsing: true}}" change="onRefDateChange" width="40%" valueState="{path:'newClaim>/Header/ReferenceDate', formatter:'.isValidDate'}"  />
        <Label text="{wty>/#WarrantyClaim/ReferenceNo/@sap:label}" required="true"/>
        <Input value="{newClaim>/Header/ReferenceNo}" placeholder="Enter your reference here..." valueLiveUpdate="true" liveChange="onFieldChange" valueStateText="Enter header text" valueState="{= ${newClaim>/Header/ReferenceNo} ==='' ? 'Error' : 'None' }"  />
        <Label text="Repair From/To" />
        <DateRangeSelection
            id="idRepairToFrom"
            dateValue="{path:'newClaim>/RepairFrom/Value'}"
            secondDateValue="{path:'newClaim>/RepairTo/Value'}"
            maxDate="{path:'newClaim>/Header/ReferenceDate'}"
            displayFormat="EEEE, d MMMM YYYY"
            change="onRepDateChange"
            width="60%"
            visible="{= ${newClaim>/Qualifier/Value} !== 'SC' &amp;&amp; ${newClaim>/Qualifier/Value} !== 'EX'}"
        />
        <Label text="{wty>/#WarrantyClaim/ClaimDescr/@sap:label}" required="true"/>
        <Input value="{newClaim>/Header/ClaimDescr}" placeholder="Enter description here..." valueLiveUpdate="true" liveChange="onFieldChange" valueStateText="Enter header text" valueState="{= ${newClaim>/Header/ClaimDescr} ==='' ? 'Error' : 'None' }"  />
        <Label text="{i18n>wtyClaimCreateMileage}" required="true" />
        <Input id="idKms" type="Number" value="{newClaim>/Mileage/Value}" placeholder="Kms..." valueLiveUpdate="true" liveChange="onFieldChange" valueStateText="{i18n>wtyKmsError}" width="20%" visible="{= ${newClaim>/Qualifier/Value} !== 'SC' &amp;&amp; ${newClaim>/Qualifier/Value} !== 'EX'}" />
        <!-- for parts claims only -->
        <Label text="{i18n>wtyPartsClaimCreateInvoiceNo}" required="true"/>
        <Input value="{newClaim>/PartInvoiceNo/Value}" placeholder="Enter invoice no here..." valueLiveUpdate="true" liveChange="onFieldChange" valueStateText="Enter invoice no" valueState="{= ${newClaim>/PartInvoiceNo/Value} ==='' ? 'Error' : 'None' }" width="50%" visible="{= ${newClaim>/Qualifier/Value} === 'SP'}" />
        <Label text="{i18n>wtyPartsClaimCreateInvoiceDate}" required="true" />
        <DatePicker placeholder="Enter Invoice Date ..." value="{path:'newClaim>/PartInvoiceDate/Value', type:'sap.ui.model.type.Date', formatOptions: { style: 'full', strictParsing: true}}" change="onFieldChange" width="40%" valueState="{path:'newClaim>/PartInvoiceDate/Value', formatter:'.isValidDate'}" visible="{= ${newClaim>/Qualifier/Value} === 'SP'}" />
        <Label text="{i18n>wtyPartsClaimCreateMileage}" required="true" />
        <Input id="idPartsKms" type="Number" value="{newClaim>/PartInvoiceMileage/Value}" placeholder="Kms..." valueLiveUpdate="true" liveChange="onFieldChange" valueStateText="{i18n>wtyKmsError}" width="20%" visible="{= ${newClaim>/Qualifier/Value} === 'SP'}" />
<!--         <Label text="{i18n>wtyClaimCreateCausalPart}" required="true"/>
        <Input value="{newClaim>/CausalPart/MaterialId}" placeholder="Enter causal part..." enabled="false" /> -->
<!--         <Label text="{i18n>wtyClaimCreateCausalPart}" required="true"/>
        <SearchField id="causalSearch" search="onCausalPartSearch" tooltip="{i18n>partsEnquiryMasterSearchTooltip}" width='50%' />
        <Label id="causalPartListLabel" />
        <List id="causalPartList" mode="SingleSelectMaster" select="onSelectCausalPart" showNoData="false" growing="true" growingScrollToLoad="true" /> -->
<!--         <HBox width="70%" visible="{path:'SOStatus',formatter:'.isChangeable'}">
            <Label text="Quick add material" class="sapUiSmallMargin" />
            <SearchField id="newItemSearch" liveChange="onSearch" width="95%" class="sapUiSmallMargin" />
            <Label id="idLoading" class="sapUiSmallMargin" />
        </HBox>
        <SelectList id="idMatList" itemPress="onMatItemPress" visible="{path:'SOStatus',formatter:'.isChangeable'}"/> -->
    </form:SimpleForm>
</core:FragmentDefinition>