<core:FragmentDefinition xmlns:core="sap.ui.core" xmlns:dp="encollab.dp.controls" xmlns="sap.m">
    <Panel class="sapThemeBaseBG sapUiResponsiveMargin" width="auto" expandable="{device>/isPhone}" expanded="{= !${device>/isPhone} }">
        <headerToolbar>
            <Toolbar height="1.8rem">
                <Title text="{/WtyHeaders/CustomerComplaint/#@sap:label}" />
            </Toolbar>
        </headerToolbar>
        <content>
            <TextArea id="customerComplaint" value="{CustomerComplaint}" rows="{= ${device>/isPhone} ? 6 : 2}" width="100%" maxLength="255" enabled="{viewModel>/isTextChangeable}" change="onTextFieldChange"/>
        </content>
    </Panel>
    <Panel class="sapThemeBaseBG sapUiResponsiveMargin" width="auto" expandable="{device>/isPhone}" expanded="{= !${device>/isPhone} }">
        <headerToolbar>
            <Toolbar height="1.8rem">
                <Title text="{/WtyHeaders/Cause/#@sap:label}" />
            </Toolbar>
        </headerToolbar>
        <content>
            <TextArea id="cause" value="{Cause}" rows="{= ${device>/isPhone} ? 6 : 2}" width="100%" maxLength="255" enabled="{viewModel>/isTextChangeable}" liveChange="onCauseChange" change="onTextFieldChange"/>
        </content>
    </Panel>
    <Panel class="sapThemeBaseBG sapUiResponsiveMargin" width="auto" expandable="{device>/isPhone}" expanded="{= !${device>/isPhone} }">
        <headerToolbar>
            <Toolbar height="1.8rem">
                <Title text="{/WtyHeaders/Correction/#@sap:label}" />
            </Toolbar>
        </headerToolbar>
        <content>
            <TextArea id="correction" value="{Correction}" rows="{= ${device>/isPhone} ? 6 : 2}" width="100%" maxLength="255" enabled="{viewModel>/isTextChangeable}" change="onTextFieldChange"/>
        </content>
    </Panel>
    <Panel class="sapThemeBaseBG sapUiResponsiveMargin" width="auto" expandable="{device>/isPhone}" expanded="{= !${device>/isPhone} }">
        <headerToolbar>
            <Toolbar height="1.8rem">
                <Title text="{/WtyHeaders/GeneralText/#@sap:label}" />
            </Toolbar>
        </headerToolbar>
        <content>
            <TextArea id="generalText" value="{GeneralText}" rows="{= ${device>/isPhone} ? 6 : 2}" width="100%" maxLength="255" enabled="{viewModel>/isTextChangeable}" change="onTextFieldChange"/>
        </content>
    </Panel>
</core:FragmentDefinition>