<core:FragmentDefinition xmlns:core="sap.ui.core" xmlns="sap.m">
    <Table inset="false" items="{part>Component}">
        <headerToolbar>
            <Toolbar>
                <Label text="{i18n>partsDetailBomList}"></Label>
            </Toolbar>
        </headerToolbar>
        <columns>
            <Column>
                <Text text="{part>/#Part/Component/ComponentID/@sap:label}" />
            </Column>
            <Column minScreenWidth="Tablet" demandPopin="false">
                <Text text="{part>/#Part/Component/ItemCategory/@sap:label}" />
            </Column>
            <Column minScreenWidth="Tablet" demandPopin="false">
                <Text text="{part>/#Part/Component/Description/@sap:label}" />
            </Column>
            <Column hAlign="Right">
                <Text text="{part>/#Part/Component/Quantity/@sap:label}" />
            </Column>
        </columns>
        <items>
            <ColumnListItem bomRole="{path:'part>ComponentID', formatter:'.bomRole'}" type="Active" press="onMaterialPress">
                <cells>
                    <ObjectIdentifier title="{path:'part>ComponentID',formatter:'.formatter.Number'}" />
                    <Text text="{part>ItemCategory}" />
                    <Text text="{part>Description}" />
                    <ObjectNumber number="{path:'part>Quantity', formatter:'.formatter.quantityValue'}" unit="{path:'part>UoM'}" state="{path:'part>UoM',formatter:'.formatter.quantityState'}" />
                </cells>
            </ColumnListItem>
        </items>
    </Table>
</core:FragmentDefinition>