<core:FragmentDefinition xmlns:core="sap.ui.core" xmlns="sap.m">
    <Table inset="false" items="{part>Characteristics}">
        <headerToolbar>
            <Toolbar>
                <Label text="{i18n>partsDetailModels}"></Label>
            </Toolbar>
        </headerToolbar>
        <columns>
            <Column>
                <Text text="{part>/#Part/Characteristics/Description/@sap:label}" />
            </Column>
            <Column>
                <Text text="{i18n>partsModelValue}" />
            </Column>
        </columns>
        <items>
            <ColumnListItem>
                <cells>
                    <Text text="{part>Description}" />
                    <Text text="{part>Value}" />
                </cells>
            </ColumnListItem>
        </items>
    </Table>
</core:FragmentDefinition>