<!--****************************************************************************************-->
<!--*  Changed on:  Changed by:   Change ID:  TR Number:              Description:-->
<!--* 2017.09.27   Subha           C001       GKAK907561              20170927_Emergency Change-Disclaimer-->
<!--* 2017.09.28   Shabeer         C002       GKAK907601/GKAK907607   DP - Disclaimer text change-->
<!--* 2017.10.31   Praseeda         C002      Return Order Tile -->
 <!--2018.01.10   SUBHA          C003        GKAK908287           PARTS INFORMATION TILE-->
 <!--2018.01.10   SUBHA          C004       GKAK908295            PARTS INFORMATION Icorn-->
 <!--2018.11.11   Nisha          C005        GKAK908806            Credit chk change-->
<!--*****************************************************************************************-->
<mvc:View height="100%" controllerName="encollab.dp.dashboard.Dashboard" xmlns:core="sap.ui.core" xmlns:mvc="sap.ui.core.mvc" xmlns:app="http://schemas.sap.com/sapui5/extension/sap.ui.core.CustomData/1" xmlns="sap.m">
    <Page id='dashboardPage' title="{i18n>appTitle}" enableScrolling="false">
        <!--<headerContent>


            <core:Fragment fragmentName="encollab.dp.info.InfoButton" type="XML" />
        </headerContent>-->


    <customHeader>
    <Bar>
    <contentLeft>
       <Text class="sapUiSmallMargin fntcolor1" id = "Custstat"  />

    </contentLeft>

    <contentMiddle>
    <Title text="{i18n>appTitle}"/>
    </contentMiddle>

    <contentRight>
    <core:Fragment fragmentName="encollab.dp.info.InfoButton" type="XML" />
    </contentRight>
    </Bar>
    </customHeader>

        <TileContainer allowAdd="false" tileMove="handleTileMove" tileDelete="handleTileDelete" id="dashboard">
            <StandardTile id="vinTile" app:routePattern="vin" icon="sap-icon://car-rental" title="{i18n>dashboardVehicleEnquiry}" press="onPressTile" />
            
            <StandardTile 
                id="wtyTile" 
                app:routePattern="wty" 
                icon="sap-icon://vehicle-repair" 
                title="{i18n>dashboardWarrantyClaims}" 
                press="onPressTile" 
                number="..."
                numberUnit="{i18n>dashboardWarrantyClaimsUnit}"
            />
            <StandardTile 
                id="wtySCTile" 
                app:routePattern="wtysc" 
                icon="sap-icon://shipping-status" 
                title="{i18n>dashboardSCClaims}" 
                press="onPressTile" 
                number="..."
                numberUnit="{i18n>dashboardWarrantyClaimsUnit}"
            />
            <StandardTile 
                id="wtyEXTile" 
                app:routePattern="wtyex" 
                icon="sap-icon://expense-report" 
                title="{i18n>dashboardEXClaims}" 
                press="onPressTile" 
                number="..."
                numberUnit="{i18n>dashboardWarrantyClaimsUnit}"
            />
             <StandardTile 
                id="serctTile" 
                app:routePattern="serct" 
                icon="sap-icon://insurance-car" 
                title="{i18n>dashboardPrepaidClaims}" 
                press="onPressTile" 
                number="..."
                
            />
            <StandardTile id="partTile" app:routePattern="parts" icon="sap-icon://wrench" title="{i18n>dashboardParts}" press="onPressTile" />
            <StandardTile 
                id="orderTile" 
                app:routePattern="orders" 
                icon="sap-icon://sales-order" 
                title="{i18n>dashboardPartsOrder}" 
                press="onPressTile" 
                number="..."
                numberUnit="{i18n>dashboardPartsOrderUnit}"
                />
            <StandardTile id="stockTile" app:routePattern="stock" icon="sap-icon://inventory" title="{i18n>dashboardDealerStock}" press="onPressTile" />
            <StandardTile 
                id="fpTile" 
                app:routePattern="fp" 
                icon="sap-icon://batch-payments" 
                title="{i18n>dashboardFakturPajak}" 
                press="onPressTile"
                number="..."
                numberUnit="{i18n>dashboardFakturPajakUnit}"
            />
            <StandardTile 
                id="returnsTile" 
                app:routePattern="returns" 
                icon="sap-icon://cancel-maintenance" 
                title="{i18n>dashboardReturns}" 
                press="onPressTile"
                number="..."
                numberUnit="{i18n>dashboardReturnsUnit}"
            />
            <StandardTile 
                id="dsTile" 
                app:routePattern="ds" 
                icon="sap-icon://redo" 
                title="{i18n>dashboardDS}" 
                press="onPressTile"
                number="..."
                numberUnit="{i18n>dashboardReturnsUnit}"
            />
            <StandardTile id="backorderTile" app:routePattern="reportATP" icon="sap-icon://lateness" title="{i18n>dashboardATPReport}" press="onPressTile" />
            <StandardTile 
                id="deliveriesTile" 
                app:routePattern="reportDelivery" 
                icon="sap-icon://bus-public-transport" 
                title="{i18n>dashboardDeliveries}" 
                press="onPressTile"
                number="..."
                numberUnit="{i18n>dashboardDeliveriesUnit}"
            />
            <StandardTile 
                id="podTile" 
                app:routePattern="reportPOD" 
                icon="sap-icon://bus-public-transport" 
                title="{i18n>dashboardPOD}" 
                press="onPressTile"
                number="..."
                numberUnit="{i18n>dashboardDeliveriesUnit}"
            />
            <StandardTile
                id="ReturnOrderTile"
                app:routePattern="ROrders"
                icon="sap-icon://redo"
                title="{i18n>dashboardReturnOrder}"
                press="onPressTile"
                number="..."
                numberUnit="{i18n>dashboardReturnOrderUnit}"
            />
              <!--BOC-C003/C004-->
                    <StandardTile
                id="PartsInformationTile"
                app:routePattern="PartsInf"
                icon="sap-icon://pdf-attachment"
                title="{i18n>dashboardPartsInformation}"
                press="onPressTile"
            />
             <!--EOC-C003/C004-->
            
        </TileContainer>
        <ActionSheet
            id="dashboardActions"
            title="Choose Your Action"
            showCancelButton="true"
            placement="Top">
            <buttons>
                <Button press="handleEdit" text="{i18n>dashboardEdit}" icon="sap-icon://user-edit" />
                <Button press="handleShow" text="{i18n>dashboardShow}" icon="sap-icon://show" />
                <Button press="handleRestore" text="{i18n>dashboardRestore}" icon="sap-icon://undo" />
                <Button press="handleDelete" text="{i18n>dashboardDelete}" />
            </buttons>
        </ActionSheet>
        <footer>
            <!--BOC-C001/C002-->
            <Toolbar width="auto" height="auto" >
                <core:Fragment fragmentName="encollab.dp.about.MessageButton" type="XML" />
                <ToolbarSpacer/>
                <ToolbarSpacer/>
                <HBox>
                <Text class="sapUiSmallMargin fntcolor" text="Disclaimer:"/>
                <VBox>
                    <Text id="text1"
                      text="Any information generated from system are confidential and intended solely for the use of the individual or entity to whom they are
                      authorized.You are notified"/>
                    <Text id="text3"
                      text="that disclosing,copying,distributing or taking any action without authorization in reliance on the contents of this information is
                      strictly prohibited."/>
                    <Text id="text2"
                      text="Failure to abide by any of these terms will result in the immediate revocation of your access and other actions such as punishment,
                      lawsuit, and other means"/>
                    <Text id="text4" text=" as may be deemed necessary to ensure the continuing confidentiality of information and security."/>
                </VBox>
                </HBox>
                <!--EOC-C001/C002-->
                <Button text="{i18n>dashboardOptions}" icon="sap-icon://edit" id="editButton" press="handleEditPress" />
            </Toolbar>
        </footer>
    </Page>
</mvc:View>