<core:FragmentDefinition xmlns="sap.m" xmlns:core="sap.ui.core" xmlns:l="sap.ui.layout" xmlns:t="sap.ui.table">
    <Dialog title="{i18n>infoDialogTitle}">
        <content>
            <!--             <core:Icon src="sap-icon://hello-world" size="8rem" class="sapUiMediumMargin" /> -->
            <FlexBox alignItems="Center" justifyContent="Center" direction="Column" fitContainer="true">
                <items>
<!--                     <HBox width="300px">
                        <Image src="app/img/encollab-logo-scaled.png" />
                        <Image src="app/img/smallboat.gif" />
                    </HBox> -->
    <l:HorizontalLayout class="sapUiSmallMargin" >
        <Image
            class="sapUiSmallMarginEnd"
            src="app/img/encollab-logo-scaled.png"
            densityAware="false"
            width="5em">
        </Image>
        <Image
            class="sapUiSmallMarginEnd"
            src="app/img/boat.gif"
            densityAware="false"
            width="5em">
        </Image>
    </l:HorizontalLayout>
                        <t:Table rows="{/settings}" selectionMode="None" width="300px" columnHeaderVisible="false" visibleRowCount="{=${/settings}.length}">
                        <t:columns>
                            <t:Column width="5px">
                                <Label text="Name" />
                                <t:template>
                                    <Text text="{name}" />
                                </t:template>
                            </t:Column>
                            <t:Column width="5px">
                                <Label text="Value" />
                                <t:template>
                                    <Text text="{value}" />
                                </t:template>
                            </t:Column>
                        </t:columns>
                    </t:Table>
                </items>
            </FlexBox>
        </content>
        <endButton>
            <Button text="{i18n>close}" press="onCloseDialog" />
        </endButton>
    </Dialog>
</core:FragmentDefinition>