<mvc:View controllerName="encollab.dp.App" xmlns="sap.m" xmlns:core="sap.ui.core" xmlns:mvc="sap.ui.core.mvc" displayBlock="true">
    <App class="sapUiDP" id="app">
        <pages>
            <Page showHeader="false">
                <content>
                    <FlexBox height="100%" alignItems="Center" justifyContent="Center">
                        <items>
                            <BusyIndicator text="Loading..." size="6em" />
                        </items>
                    </FlexBox>
                </content>
                <footer>
                    <Toolbar>
                        <core:Fragment fragmentName="encollab.dp.about.MessageButton" type="XML" />
                        <ToolbarSpacer/>
                        <ToolbarSpacer/>
                    </Toolbar>
                </footer>
            </Page>
        </pages>
    </App>
</mvc:View>