<core:FragmentDefinition xmlns:core="sap.ui.core" xmlns="sap.m">
    <Table 
        id="idSupercessionTable" 
        items="{part>Supersession}" 
        inset="false" 
        visible="{path:'part>/Supersession',formatter:'.formatter.arrayCountVisible'}">
        <headerToolbar>
            <Toolbar>
                <Label text="{i18n>partsDetailSupercessionChain}"></Label>
            </Toolbar>
        </headerToolbar>
        <columns>
            <Column width="12em" minScreenWidth="Tablet" demandPopin="false">
                <Text text="" />
            </Column>
            <Column>
                <Text text="{i18n>partsMaterial}" />
            </Column>
            <Column minScreenWidth="Tablet" demandPopin="false">
                <Text text="{part>/#Part/Supersession/PartDesc/@sap:label}" />
            </Column>
            <Column hAlign="Right">
                <Text text="{i18n>partsDetailListPrice}" />
            </Column>
            <Column width="100px" hAlign="Right">
                <Text text="{part>/#Part/Supersession/Stockonhand/@sap:label}" />
            </Column>
        </columns>
        <items>
            <core:Fragment fragmentName="encollab.dp.parts.supercession.SupercessionsTemplate" type="XML" />
        </items>
    </Table>
</core:FragmentDefinition>