<core:FragmentDefinition 
    xmlns:sub="encollab.dp.parts.supercession" 
    xmlns:core="sap.ui.core" 
    xmlns="sap.m"
    xmlns:u="sap.ui.unified">
    <sub:SupercessionListItem 
        supercessionRole="{path:'part>PartID', formatter:'.supercessionRole'}" 
        type="Active" 
        press="onMaterialPress">
        <sub:cells>
            <Text text="{path:'part>PartID', formatter:'.supercessionText'}" />
            <ObjectIdentifier title="{part>PartID}" />
            <Text text="{part>PartDesc}" />
            <u:Currency 
                value="{path: 'part>RRP',formatter:'.formatter.noDecimals'}" 
                maxPrecision="0"
                currency="{part>PriceUoM}" />
            <Text
                text="{path: 'part>Stockonhand', formatter:'.formatter.yesOrNo'}"
                state="{path: 'part>Stockonhand', formatter:'.formatter.yesOrNoState'}"
            />
        </sub:cells>
    </sub:SupercessionListItem>
</core:FragmentDefinition>