<core:FragmentDefinition xmlns="sap.m" xmlns:core="sap.ui.core">
    <Dialog title="{i18n>deleteWtyDialogTitle}" contentWidth="30rem" >
        <content>
            <Text text="{i18n>deleteWtyDialogConfirmMsg}" class="sapUiSmallMarginBottom" />
        </content>
        <buttons>
            <Button text="{i18n>confirm}" type="Transparent" press="onDeleteOrderDialogConfirm"></Button>
            <Button text="{i18n>cancel}" type="Transparent" press="onDialogCancel"></Button>
        </buttons>
    </Dialog>
</core:FragmentDefinition>