<mvc:View 
    controllerName="encollab.dp.serct.Enquiry" 
    xmlns="sap.m" 
    xmlns:mvc="sap.ui.core.mvc" 
    xmlns:core="sap.ui.core" 
    xmlns:t="sap.ui.table" 
    xmlns:u="sap.ui.unified"
    xmlns:c="encollab.dp.controls" 
    displayBlock="true">
    <Page showNavButton="{device>/system/phone}" navButtonPress="onNavBack" title="{data>/pageTitle}">
        <headerContent>
            <core:Fragment fragmentName="encollab.dp.info.InfoButton" type="XML" />
        </headerContent>
 
            <c:SearchToolbar id="wtySearchBar" filter="onSearchFilter" search="onSearchSearch" /> 
            <IconTabBar
                upperCase="true"
                expandable="false"
                expanded="true"
                id="idIconTabBar"
                select="onIconTabBarSelect"
                class="sapUiResponsiveContentPadding"
                items="{data>/count}">
                <items>
                    <IconTabFilter 
                        showAll="{data>show}"
                        count="{data>count}"
                        text="{data>description}"
                        key="{data>description}" />
                </items>
                <!--
                <items>
                    <IconTabFilter
                        showAll="true"
                        count="{data>/count/total}"
                        text="Claims"
                        key="All" />
                    <IconTabFilter
                        icon="sap-icon://create"
                        text="Initial"
                        key="Claim - Initial Status" />
                    <IconTabFilter
                        icon="sap-icon://approvals"
                        text="Waiting for FP"
                        key="Approved - Waiting For FP" />
                </items>
            -->
            </IconTabBar>
            <t:Table
                id="wtyTable"
                selectionMode="None"
                rows="{data>/claims}">
                <!--
                <t:toolbar>
                    <Toolbar>
                        <Title text="{data>/count} Orders found"></Title>
                    </Toolbar>
                </t:toolbar>
                -->
                <t:columns>
                    <t:Column width="100px"
                        sortProperty="ClaimNo">
                        <Label text="{i18n>serctclaimno}" />
                        <t:template>
                            <Link text="{data>ClaimNo}" press="onPress" />
                        </t:template>
                    </t:Column>
                    <t:Column width="250px"
                        sortProperty="ServicePgmID">
                        <Label text="{serct>/#Servicects/ServicePgmID/@sap:label}" />
                            <t:template>
                            <Text text="{data>ServicePgmID}"/>
                           </t:template>
                    </t:Column>
                    
                    <t:Column width="250px"
                        sortProperty="ServiceType">
                        <Label text="{serct>/#Servicects/ServiceType/@sap:label}" />
                        <t:template>
                            <Text text="{data>ServiceType}" />
                       </t:template>
                    </t:Column>
                    <t:Column width="200px"
                        sortProperty="VIN">
                        <Label text="{serct>/#Servicects/VIN/@sap:label}" />
                        <t:template>
                            <Link text="{data>VIN}" press="onVINPress" />
                        </t:template>
                    </t:Column>
                    <t:Column width="250px"
                        sortProperty="Dealer">
                        <Label text="{serct>/#Servicects/Dealer/@sap:label}" />
                        <t:template>
                            <Text text="{data>Dealer}" />
                        </t:template>
                    </t:Column>
                    <t:Column width="350px"
                        sortProperty="DealerName">
                        <Label text="{serct>/#Servicects/DealerName/@sap:label}" />
                        <t:template>
                            <Text text="{data>DealerName}" />
                        </t:template>
                    </t:Column>
                     <t:Column width="350px"
                        sortProperty="status">
                        <Label text="{i18n>Status}" />
                        <t:template>
                            <Text text="{data>status}" />
                        </t:template>
                    </t:Column>
                    <t:Column width="200px"
                        sortProperty="StatusDescr">
                        <Label text="{i18n>serctremarks}" />
                        <t:template>
                            <Text text="{data>Comment}" />
                        </t:template>
                    </t:Column>
                 
                    <t:Column width="100px"
                        sortProperty="Created_Date">
                        <Label text="{serct>/#Servicects/Created_Date/@sap:label}" />
                        <t:template>
                            <Text text="{path: 'data>Created_Date', formatter:'.formatter.ShortDate'}" />
                        </t:template>
                    </t:Column>
                    <t:Column width="150px"
                        sortProperty="AmountClaimed">
                        <Label text="{i18n>ApprovedAmount}" />
                        <t:template>
                            <u:Currency 
                                maxPrecision="0" 
                                value="{path: 'data>AmountClaimed', formatter:'.formatter.noDecimals'}" 
                                currency="{data>AmountClaimedCurrency}" />
                        </t:template>
                    </t:Column>
                   
                 
                </t:columns>
            </t:Table> 
            <footer>
            <Toolbar>
                <core:Fragment fragmentName="encollab.dp.about.MessageButton" type="XML" />
                <ToolbarSpacer/>
                <ToolbarSpacer/>
                <!--Button icon="sap-icon://create" text="{data>/createButtonText}" tooltip="{i18n>vinDetailWtyCreateButton}" visible="{data>/createButtonVisible}" enabled="{path:'/Users(\'SY-UNAME\')/Authorisations/WarrantyCreate'}" press="onCreateClaim" /-->
                <c:DownloadBindingButton text="Download" table="wtyTable" />
            </Toolbar>
        </footer>
    </Page>
</mvc:View>