<core:FragmentDefinition xmlns:core="sap.ui.core" xmlns:dp="encollab.dp.controls" xmlns="sap.m">
    <dp:ColumnListItem type="Inactive" counter="0" >
        <dp:cells>
            <!--Text text="{parts:[{path:'serct>ItemType'},{path:'serct>Part'}],formatter:'.itemTypeFormatter'}" maxLines="0"></Text-->
            <ObjectIdentifier title="{serct>Description}" text="{serct>Part}" badgeNotes="false" badgePeople="false" badgeAttachments="false" titleActive="{= ${serct>ItemType} === 'MAT'}" titlePress="onItemPress"></ObjectIdentifier>
            <ObjectAttribute text="{path:'serct>Quantity',formatter:'.formatter.MaxTwoDecimals'} {serct>UoM}" press="onChangeItemQty" active="false " />
            <ObjectAttribute text="{path:'serct>UnitAmount',formatter:'.formatter.NumberWithThousandsSeparator'}" active = "true" />
            <ObjectAttribute text="{path:'serct>GrossAmount',formatter:'.formatter.NumberWithThousandsSeparator'}" active = "true" />
            <ObjectAttribute  text="{path:'serct>Discount',formatter:'.formatter.NumberWithThousandsSeparator'}" active = "false" textAlign="End" />
            <ObjectAttribute  text="{path:'serct>ItemAmount',formatter:'.formatter.NumberWithThousandsSeparator'}" active = "false" />
        </dp:cells>
    </dp:ColumnListItem>
</core:FragmentDefinition>