<core:FragmentDefinition xmlns:l="sap.ui.layout" xmlns:f="sap.ui.layout.form" xmlns:core="sap.ui.core" xmlns:dp="encollab.dp.controls" xmlns="sap.m">
    <l:Grid defaultSpan="L12 M12 S12" width="auto">
        <l:content>
            <Table id="wtyItems" noDataText="No data" updateFinished="onUpdateFinished" items="{serct>ServiceCtItems}">
                <columns>
                   
                    <Column>
                        <header>
                            <Label text="{serct>/#ServiceCtItem/Description/@sap:label}"></Label>
                        </header>
                    </Column>
                    <Column hAlign="Center" minScreenWidth="tablet" demandPopin="true"  visible="true">
                        <header>
                            <Label text="{serct>/#ServiceCtItem/Quantity/@sap:label}" textAlign="Center"></Label>
                        </header>
                    </Column>
                    <Column hAlign="Right" minScreenWidth="tablet" demandPopin="true"  visible="true">
                        <header>
                            <Label text="{i18n>ServicectUnitAmount}" textAlign="Right"></Label>
                        </header>
                    </Column>
                     <Column hAlign="Right" minScreenWidth="tablet" demandPopin="true"  visible="true">
                        <header>
                            <Label text="{i18n>ServicectGrossAmount}" textAlign="Right"></Label>
                        </header>
                    </Column>
                    <Column hAlign="Right" minScreenWidth="tablet" demandPopin="true"  visible="true">
                     <header>
                            <Label text="{i18n>Discount}" textAlign="Right"></Label>
                     </header>
                    </Column>
                    <Column hAlign="Right" visible="true">
                         <header>
                            <Label text="{i18n>ServicectItemAmount}" textAlign="Right"></Label>
                        </header>
                    </Column>
                </columns>
                <items>
                    <core:Fragment fragmentName="encollab.dp.serct.ItemsTemplate" type="XML" />
                </items>
            </Table>
        </l:content>
    </l:Grid>
</core:FragmentDefinition>