<mvc:View controllerName="encollab.dp.serct.ServicePgmDetail" xmlns="sap.m" xmlns:core="sap.ui.core" xmlns:mvc="sap.ui.core.mvc" xmlns:c="encollab.dp.controls">
    <Page title="{i18n>vinDetailContractClaimHeading} {path:'serct>ClaimNo',formatter:'.formatter.Number'}" showNavButton="{device>/system/phone}" navButtonPress="onNavBack">
        <headerContent>
            <core:Fragment fragmentName="encollab.dp.info.InfoButton" type="XML" />
        </headerContent>
        <content>
            <ObjectHeader responsive="true" fullScreenOptimized="false" title="{serct>ReferenceNo}" intro="{serct>DealerName}" titleActive="true"
                number="{ parts:[
                        {path:'serct>AmountClaimed'},
                        {path:'serct>AmountClaimedCurrency'},
                        {path:'wty>AmountApproved'},
                        {path:'wty>AmountApprovedCurrency'}
                    ],
                    formatter:'.formatter.wtyICOCValue'
                    }" showMarkers="false" markFlagged="true" markFavorite="true" numberState="Success" backgroundDesign="Translucent">
          
                <attributes>
                    <ObjectAttribute title="{i18n>serctclaimno}" text="{serct>ClaimNo}" />
                    <ObjectAttribute title="{serct>ServicePgmID/#@sap:label}" text="{serct>ServicePgmID}" class="encollabUIOverFlowVisible" />
                    <ObjectAttribute title="{serct>ServiceType/#@sap:label}" text="{serct>ServiceType}" />
<!--                     <ObjectAttribute id="idQual" title="{wty>Description}" text="{= ${wty>ValueDescription}.length > 0 ? ${wty>ValueDescription} : ${wty>Value}}" active="{viewModel>/isChangeable}" press="onQualPress" /> -->
<!--                     <ObjectAttribute id="idClaimType" title="{wty>ClaimType/#@sap:label}" text="{= ${wty>ClaimTypeDescr} === '' ? ${wty>ClaimType} : ${wty>ClaimTypeDescr}}" /> -->
                    <ObjectAttribute title="VIN" text="{serct>VIN}" active="true" press="onVINPressed" visible="{viewModel>/isVehicleClaim}" />
<!--                     <ObjectAttribute title="{ModelDescription/#@sap:label}" text="{ModelDescription}" /> -->
                    <ObjectAttribute title="{serct>ReferenceNo/#@sap:label}" text="{serct>ReferenceNo}" class="encollabUIOverFlowVisible" active="false"/>
                    <ObjectAttribute title="{serct>Claimdate/#@sap:label}" text="{path:'serct>Claimdate',type: 'sap.ui.model.type.Date',formatOptions: { pattern: 'dd/MM/yyyy'}}"  active="false" />
                    <ObjectAttribute title="{serct>RepairEndate/#@sap:label}" text="{path:'serct>RepairEndate',type: 'sap.ui.model.type.Date',formatOptions: { pattern: 'dd/MM/yyyy'}}"  active="{viewModel>/isChangeable}" press="onRepairPress"/>
                    <ObjectAttribute id="idMileage" title="{serct>Mileage/#@sap:label}" text="{serct>Mileage}" active="false"  visible="true"/>
                    <ObjectAttribute id="idModel"  title="{serct>Model/#@sap:label}" text="{serct>Model}" active="false" visible="true" class="encollabUIOverFlowVisible" />
                    <ObjectAttribute id="idVariant" title="{serct>Variant/#@sap:label}" text="{serct>Variant}" active="false"  visible="{viewModel>/isVehicleClaim}" class="encollabUIOverFlowVisible" />
                 

                    <ObjectAttribute title="{i18n>TotGrossAmount}" text="{path:'serct>TotGrossAmount',formatter:'.formatter.NumberWithThousandsSeparator'} {serct>AmountClaimedCurrency}" />
                   <ObjectAttribute id="idcomment" title="Remarks" text="{serct>Comment}" active="false"  visible="true" class="encollabUIOverFlowVisible"/>
<!--                     <ObjectAttribute title="{MainOperationCode/#@sap:label}" text="{MainOperationCodeDesc}" /> -->
                   
                </attributes>
                <!--statuses>
                    <ObjectStatus title="{wty>StatusId/#@sap:label}" text="{path:'wty>StatusDescr'}" state="{path:'wty>StatusId',formatter:'.formatter.wtyStatusState'}" />
                </statuses-->
                <headerContainer>
                </headerContainer>
            </ObjectHeader>
<!--             <MessageStrip text="{/WtyHeaders/AdjudicationText/#@sap:label}: {AdjudicationText}" visible="{path:'AdjudicationText',formatter:'.formatter.exists'}" type="Error" showIcon="true" showCloseButton="false">
            </MessageStrip> -->
            <IconTabBar id="iconTabBar" select="onIconTabBarSelect" expandable="false">
                <items>
                    <IconTabFilter id="iconTabIC" key="ic" text="{i18n>items}" icon="sap-icon://sales-order-item" count="{path:'ServiceCtItems',formatter:'.formatter.arrayCount'}" >
                        <content>
                            <core:Fragment fragmentName="encollab.dp.serct.Items" type="XML" />
                        </content>
                    </IconTabFilter>
                   
                    <IconTabFilter id="attachTab" key="attach" text="{i18n>attachments}" icon="sap-icon://attachment" count="{path:'serct>ServctAttachments',formatter:'.formatter.arrayCount'}" visible="true">
                        <content>
                            <core:Fragment fragmentName="encollab.dp.serct.Attachments" type="XML" />
                        </content>
                    </IconTabFilter>
<!--                     <IconTabFilter id="contribTab" key="contrib" text="{i18n>wtyDetailContrib}" icon="sap-icon://share-2" visible="false">
                        <content>
                            <core:Fragment fragmentName="encollab.dp.wty.Contribution" type="XML" />
                        </content>
                    </IconTabFilter> -->
                </items>
            </IconTabBar>
        </content>
        <footer>
            <Toolbar>
                <core:Fragment fragmentName="encollab.dp.about.MessageButton" type="XML" />
                <ToolbarSpacer/>
                <ToolbarSpacer/>
<!--                 <Button id="checkClaim" icon="sap-icon://approvals" type="Default" text="Check Claim" press="onCheckClaim" visible="{viewModel>/isSubmitable}"/> -->
<!--                 <Button id="amendButton" icon="sap-icon://restart" type="Default" text="Amend Claim" press="onClaimAmend" visible="{path:'ClaimNo',formatter:'.isAmendable'}" /> -->
<!--                 <Button id="createButton" icon="sap-icon://create" type="Emphasized" text="{i18n>wtyPWACreateButtonTooltip}" press="onClaimCreate" visible="{path:'ClaimNo',formatter:'.isCreateable'}" enabled="{path:'ClaimNo',formatter:'.isReadyToCreate'}"/> -->
                <Button id="deleteButton" icon="sap-icon://delete" press="onClaimDelete" visible="true" type="Reject" />
                <c:DownloadButton id="idWtyButtonDownload" name="{serct>ClaimNo}.csv" />
            </Toolbar>
        </footer>
    </Page>
</mvc:View>