<!--****************************************************************************************-->
<!--*  Changed on:  Changed by:   Change ID:  TR Number:        Description:-->
<!--* 2017.11.16   Subha           C001        GKAK908019       label change-->
<!--* 2017.11.23   Subha           C002        GKAK908081      doc type change-->
<!--*****************************************************************************************-->
<mvc:View
    controllerName="encollab.dp.ROrders.REnquiry"
    xmlns="sap.m" xmlns:mvc="sap.ui.core.mvc"
    xmlns:core="sap.ui.core"
    xmlns:t="sap.ui.table"
    xmlns:u="sap.ui.unified"
    xmlns:c="encollab.dp.controls"
    displayBlock="true">
    <Page title="{i18n>ROrdersEnquiryTitle}" showNavButton="{device>/system/phone}" navButtonPress="onNavBack">
        <headerContent>
            <core:Fragment fragmentName="encollab.dp.info.InfoButton" type="XML" />
        </headerContent>

            <c:SearchToolbar id="ROrdersSearchBar" filter="onSearchFilter" search="onSearchSearch" />
            <!--type="onTypeSelect" />-->

            <t:Table
                id="ROrdersTable"
                selectionMode="None"
                rows="{data>/ROrders}">
                <t:toolbar>
                    <Toolbar>
                        <Title text="{data>/count}." />
                        <Title text="{i18n>ROrdersEnquiryOrdersSubmittedValue} {path: 'data>/price_p', formatter:'.formatter.NumberWithThousandsSeparator'} {data>/priceuom}" />
                    </Toolbar>
                </t:toolbar>
                <t:columns>

                    <t:Column
                        sortProperty="OrdDate"
                        width="120px">
                        <Label text="Date" />
                        <t:template>
                            <Text text="{path: 'data>OrdDate', formatter: '.formatter.ShortDate'}" />
                        </t:template>
                    </t:Column>

                    <t:Column
                        sortProperty="Invoice"
                        width="120px">
                        <Label text="Reference Invoice" />
                        <t:template>
                            <Text text="{data>Invoice}" />
                        </t:template>
                    </t:Column>

                    <t:Column
                        sortProperty="Reason"
                        width="120px">
                        <Label text="Reason" />
                        <t:template>
                            <Text text="{data>Reason}" />
                        </t:template>
                    </t:Column>

                    <t:Column
                        sortProperty="OrderNr"
                        width="120px">
                        <Label text="SO Return" />
                        <t:template>
                            <Text text="{data>OrderNr}" />
                        </t:template>
                    </t:Column>
                    <!--BOC-C002-->
                     <t:Column
                        sortProperty="SalesOrder Tytpe"
                        width="120px">
                        <Label text="Document Type" />
                        <t:template>
                            <Text text="{data>DocType}" />
                        </t:template>
                    </t:Column>
<!--EOC-C002-->
                    <t:Column
                        sortProperty="OrderNr_O"
                        width="120px">
                        <Label text="{i18n>ROrdersEnquiryOrdersOSO}" />
                        <t:template>
                            <Link text="{data>OrderNr_O}" press="onPress" />
                        </t:template>
                    </t:Column>

                    <t:Column
                        sortProperty="Status"
                        width="120px">
                        <Label text="Return Status" />
                        <t:template>
                            <Text text="{data>Status}" />
                        </t:template>
                    </t:Column>

                    <t:Column
                        sortProperty="Delivery"
                        width="120px">
                        <Label text="Delivery Note" />
                        <t:template>
                            <Text text="{data>Delivery}" />
                        </t:template>
                    </t:Column>

                    <t:Column
                        sortProperty="CrNum"
                        width="120px">
                        <Label text="CR Number" />
                        <t:template>
                            <Text text="{data>CrNum}" />
                        </t:template>
                    </t:Column>

                    <t:Column
                        sortProperty="Material"
                        width="120px">
                        <Label text="Part Number" />
                        <t:template>
                            <Text text="{data>Material}" />
                        </t:template>
                    </t:Column>

                    <t:Column
                        sortProperty="Description"
                        width="120px">
                        <Label text="Description" />
                        <t:template>
                            <Text text="{data>Description}" />
                        </t:template>
                    </t:Column>

                    <t:Column
                        sortProperty="Quantity"
                        width="120px">
                        <Label text="Quantity" />
                        <t:template>
                            <Text text="{data>Quantity}" />
                        </t:template>
                    </t:Column>

                    <t:Column
                        sortProperty="Price"
                        width="120px">
                        <Label text="Price" />
                        <t:template>
                            <u:Currency maxPrecision="0" value="{data>Price}" currency="{data>priceuom}" />
                        </t:template>
                    </t:Column>

                    <t:Column
                        sortProperty="Discount"
                        width="120px">
                        <Label text="Discount" />
                        <t:template>
                            <Text text="{data>Discount}" />
                        </t:template>
                    </t:Column>

                    <t:Column
                        sortProperty="NetValue"
                        width="120px">
                        <Label text="Net Value" />
                        <t:template>
                            <u:Currency maxPrecision="0" value="{data>NetValue}" currency="{data>priceuom}" />
                        </t:template>
                    </t:Column>

                     <t:Column
                        sortProperty="Amount"
                        width="120px">
                        <Label text="Amount" />
                        <t:template>
                            <u:Currency maxPrecision="0" value="{data>Amount}" currency="{data>priceuom}" />
                        </t:template>
                    </t:Column>
                    </t:columns>
                    </t:Table>

        <footer>
            <Toolbar>
            <core:Fragment fragmentName="encollab.dp.about.MessageButton" type="XML" />
                <ToolbarSpacer/>
                <ToolbarSpacer/>
                <c:DownloadBindingButton style="Default" text="{i18n>download}" table="{data>/table}" />
            </Toolbar>
        </footer>
    </Page>
</mvc:View>