<core:FragmentDefinition xmlns="sap.m" xmlns:core="sap.ui.core">
    <Dialog title="{i18n>ordersDetailChangeFP}" contentWidth="30rem" contentHeight="8rem">
        <content>
            <FlexBox alignItems="Start" justifyContent="Center">
                <items>
                    <Input id="newFP" type="Number" value="{orders>FPNumbers}" class="itemQtyChange"/>
                </items>
            </FlexBox>
        </content>
        <buttons>
            <Button id="confirmButton" text="{i18n>confirm}" type="Transparent" press="onFPDialogConfirm"></Button>
            <Button text="{i18n>cancel}" type="Transparent" press="onDialogCancel"></Button>
        </buttons>
    </Dialog>
</core:FragmentDefinition>