<core:FragmentDefinition xmlns:core="sap.ui.core" xmlns="sap.m">
	<Dialog
		title="{i18n>ordersDetailConfirmNavigationTitle}"
		type="Message"
		icon="sap-icon://alert"
		contentWidth="150px"
		state="Warning">
		<content class="sapUiLargeMargin">
			<Text text="{i18n>ordersDetailConfirmNavigationText}" />
		</content>
		<buttons>
			<Button text="{i18n>confirm}" icon="sap-icon://accept"  press="onNavigationConfirm" />
			<Button text="{i18n>cancel}" icon="sap-icon://decline" press="onNavigationCancel" />
		</buttons>
	</Dialog>
</core:FragmentDefinition>