<core:FragmentDefinition 
    xmlns:sub="encollab.dp.control" 
    xmlns:core="sap.ui.core" 
    xmlns="sap.m">
    <Table 
        id="idSODocFlowTable" 
        justifyContent="SpaceBetween"
        inset="false" 
        items="{orders>Deliveries}">
        <columns>
            <Column width="2em">
                <header>
                    <Text text="{orders>/#SalesOrderItem/ItemNr/@sap:label}" />
                </header>
            </Column>
            <Column width="20em">
                <header>
                    <Text text="{i18n>ordersMaterial}" />
                </header>
            </Column>
            <Column>
                <header>
                    <Text text="{i18n>ordersDelivery}" />
                </header>
            </Column>

            <Column hAlign="Right" width="50px">
                <header>
                    <Text text="{i18n>ordersDeliveredQty}" />
                </header>
            </Column>

            <Column visible="{= ${data>/isReturn} === false }">
                <header>
                    <Text text="{i18n>ordersOrder}" />
                </header>
            </Column>
            <Column visible="{= ${data>/isReturn} === false }">
                <header>
                    <Text text="{i18n>ordersPicking}" />
                </header>
            </Column>
            <Column visible="{= ${data>/isReturn} === false }">
                <header>
                    <Text text="{i18n>ordersPacking}" />
                </header>
            </Column>
            <Column visible="{= ${data>/isReturn} === false }">
                <header>
                    <Text text="{i18n>ordersDelivered}" />
                </header>
            </Column>
            <Column visible="{= ${data>/isReturn} === false }" width="130px">
                <header>
                    <Text text="{i18n>ordersConfirmed}" />
                </header>
            </Column>
        </columns>
        <items>
            <core:Fragment fragmentName="encollab.dp.orders.detail.documentFlowItemTemplate" type="XML" />
        </items>
    </Table>
</core:FragmentDefinition>