<core:FragmentDefinition xmlns:sub="encollab.dp.control" xmlns:core="sap.ui.core" xmlns="sap.m">
    <ColumnListItem>
        <cells>
            <ObjectAttribute text="{path: 'orders>Posnr', formatter:'.formatter.removeLeadingZeroes'}" />

            <ObjectIdentifier 
                text="{orders>MaterialDescr}" title="{orders>Material}" 
                titleActive="true" 
                titlePress="onMaterialPress" />

            <ObjectIdentifier title="{orders>DeliveryNr}"/>

            <ObjectAttribute 
                text="{path: 'orders>Quantity', formatter:'.formatter.noDecimals'} {orders>QuantityUom}" 
                visible="{path: 'orders>Quantity',formatter:'.notZero'}" />

            <ObjectIdentifier 
                visible="{path: 'orders>Ordered',formatter:'.formatter.empty'}" 
                title="{path: 'orders>Ordered',formatter:'.formatter.ShortDate'}" 
                text="{path:'orders>Ordered',formatter:'.formatter.Time'}" />

            <ObjectIdentifier 
                visible="{path: 'orders>Picked',formatter:'.formatter.empty'}" 
                title="{path: 'orders>Picked',formatter:'.formatter.ShortDate'}" 
                text="{path:'orders>Picked',formatter:'.formatter.Time'}" />

            <ObjectIdentifier 
                visible="{path: 'orders>Packed',formatter:'.formatter.empty'}" 
                title="{path: 'orders>Packed',formatter:'.formatter.ShortDate'}" 
                text="{path:'orders>Packed',formatter:'.formatter.Time'}" />

            <ObjectIdentifier 
                visible="{path: 'orders>Delivered',formatter:'.formatter.empty'}" 
                title="{path: 'orders>Delivered',formatter:'.formatter.ShortDate'}" 
                text="{path:'orders>Delivered',formatter:'.formatter.Time'}" />

            <ObjectIdentifier 
                visible="{path: 'orders>PODDate',formatter:'.formatter.empty'}" 
                title="{path: 'orders>PODDate',formatter:'.formatter.ShortDate'}"  />

        </cells>
    </ColumnListItem>
</core:FragmentDefinition>