<core:FragmentDefinition 
    xmlns:sub="encollab.dp.control" 
    xmlns:core="sap.ui.core" 
    xmlns="sap.m">
    <Table 
        id="idSOFPTable" 
        justifyContent="SpaceBetween"
        inset="false" 
        items="{orders>Deliveries}">
        <columns>
            <Column width="2em">
                <header>
                    <Text text="{orders>/#SalesOrderItem/ItemNr/@sap:label}" />
                </header>
            </Column>
            <Column>
                <header>
                    <Text text="{i18n>ordersMaterial}" />
                </header>
            </Column>
            <Column>
                <header>
                    <Text text="{i18n>ordersFP}" />
                </header>
            </Column>
            <Column>
                <header>
                    <Text text="{i18n>ordersInvoice}" />
                </header>
            </Column>
        </columns>
        <items>
            <core:Fragment fragmentName="encollab.dp.orders.detail.fakturPajakTemplate" type="XML" />
        </items>
    </Table>
</core:FragmentDefinition>