<core:FragmentDefinition xmlns:sub="encollab.dp.control" xmlns:core="sap.ui.core" xmlns="sap.m">
    <ColumnListItem>
        <cells>
            <ObjectAttribute text="{path: 'orders>Posnr', formatter:'.formatter.removeLeadingZeroes'}" />

            <ObjectIdentifier 
                text="{orders>MaterialDescr}" title="{orders>Material}" 
                titleActive="true" 
                titlePress="onMaterialPress" />

            <ObjectAttribute class="sapUiSmallMarginTop" text="{orders>FPNumbers}" active="true" press="onFPChange" />

            <ObjectAttribute class="sapUiSmallMarginTop" text="{orders>Invoice}" />

        </cells>
    </ColumnListItem>
</core:FragmentDefinition>