<core:FragmentDefinition 
    xmlns:sub="encollab.dp.control" 
    xmlns:core="sap.ui.core" 
    xmlns="sap.m">
    <Table 
        id="idSOChangesTable" 
        justifyContent="SpaceBetween"
        inset="false" 
        items="{orders>Changes}">
        <columns>
            <Column width="100px">
                <header>
                    <Text text="{i18n>ordersDate}" />
                </header>
            </Column>
            <Column hAlign="Right" width="75px">
                <header>
                    <Text text="Item" />
                </header>
            </Column>
            <Column>
                <header>
                    <Text text="Material" />
                </header>
            </Column>
            <Column width="75px">
                <header>
                    <Text text="Schedule" />
                </header>
            </Column>
            <Column>
                <header>
                    <Text text="{i18n>ordersChangeStatus}" />
                </header>
            </Column>
            <Column hAlign="Right" width="75px">
                <header>
                </header>
            </Column>
            <Column width="100px">
                <header>
                    <Text text="{i18n>ordersValues}" />
                </header>
            </Column>
        </columns>
        <items>
            <core:Fragment fragmentName="encollab.dp.orders.detail.orderChangesTemplate" type="XML" />
        </items>
    </Table>
</core:FragmentDefinition>