<core:FragmentDefinition xmlns:sub="encollab.dp.control" xmlns:core="sap.ui.core" xmlns="sap.m">
    <ColumnListItem>
        <cells>
            <ObjectIdentifier 
                visible="{path: 'orders>CreatedDate',formatter:'.formatter.empty'}" 
                title="{path: 'orders>CreatedDate',formatter:'.formatter.ShortDate'}" 
                text="{path:'orders>CreatedDate',formatter:'.formatter.Time'}" />

            <ObjectIdentifier 
                text="{path:'orders>Tabkey',formatter:'.orderItem'}" />

            <ObjectIdentifier 
                title="{path:'orders>MaterialDescr'}"
                text="{path:'orders>Material'}" />

            <ObjectIdentifier 
                text="{path:'orders>Tabkey',formatter:'.scheduleLineItem'}" />
                
            <ObjectStatus
                icon="{path:'orders>Chngind',formatter:'.ChangeIcon'}"
                text="{path: 'orders>Ftext'}"
                state="{path:'orders>Chngind',formatter:'.ChangeState'}" />

            <ObjectIdentifier 
                title="New value:" 
                text="Old value:" 
                visible="{path:'orders>Chngind',formatter:'.ChangeVisible'}" />

            <ObjectIdentifier 
                title="{path: 'orders>FNew'}" 
                text="{path: 'orders>FOld'}" 
                visible="{path:'orders>Chngind',formatter:'.ChangeVisible'}" />

        </cells>
    </ColumnListItem>
</core:FragmentDefinition>