<!--****************************************************************************************-->
<!--*  Changed on:  Changed by:   Change ID:  TR Number:        Description:-->
<!--* 2017.09.22   Subha           C001       GKAK907561      20170922_IE additem function-changes1-->
<!--*****************************************************************************************-->
<core:FragmentDefinition 
    xmlns:comm="sap.ui.commons"
    xmlns:sub="encollab.dp.controls" 
    xmlns:core="sap.ui.core" 
    xmlns="sap.m">
    <!--
    <HBox class="sapUiSmallMarginTop sapUiLargeMarginBottom" justifyContent="Center">
        <Button id="idUploadFileButton" press="onUploadFileButton" text="Upload File" />
    </HBox>
-->
<Table 
    id="idSOItemsTable" 
    justifyContent="SpaceBetween"
    inset="false" 
    items="{orders>Items}">
    <columns>
        <Column width="2em">
            <header>
                <Text text="{orders>/#SalesOrderItem/ItemNr/@sap:label}" />
            </header>
        </Column>
        <Column width="22em">
            <header>
                <Text text="{i18n>ordersMaterial}" />
            </header>
        </Column>
        <Column hAlign="Right">
            <header>
                <Text text="{orders>/#SalesOrderItem/SalesQuantity/@sap:label}" />
            </header>
        </Column>
        <Column hAlign="Right" visible="{= ${data>/isReturn} === false }">
            <header>
                <Text text="{i18n>ordersConfirmedQty}" />
            </header>
        </Column>
        <Column minScreenWidth="Tablet" visible="{= ${data>/isReturn} === false }">
            <header>
                <Text text="{i18n>ordersETD}" />
            </header>
        </Column>
        <Column minScreenWidth="Tablet" visible="{= ${data>/isReturn} === false }">
            <header>
                <Text text="{i18n>ordersETA}" />
            </header>
        </Column>
        <Column hAlign="Center" minScreenWidth="Tablet" visible="{= ${data>/isReturn} === true }">
            <header>
                <Text text="Return Status" />
            </header>
        </Column>
        <Column  hAlign="Right">
            <header>
                <Text text="{i18n>ordersPrice}" />
            </header>
        </Column>
        <Column  hAlign="Right">
            <header>
                <Text text="{orders>/#SalesOrderItem/NetPrice/@sap:label}" />
            </header>
        </Column>
        <Column width="5em" styleClass="headerButton">
            <header>
                <Button visible="{data>/active}" icon="sap-icon://question-mark" press="onHowToButton" />
            </header>
            </Column>
        </columns>
        <items>
            <core:Fragment fragmentName="encollab.dp.orders.detail.salesOrderItemTemplate" type="XML" />
        </items>
    </Table>
    <VBox id="idAddItem">
        <HBox>
           <!--BOC-C001-->
        <!--    <HBox>-->
                <Label text="{i18n>ordersDetailQuickAddMaterial}" class="sapUiSmallMargin" />
                <SearchField id="newItemSearch" width="25em" liveChange="onSearch" />
                <Input id="idAddMaterialQtyInput" value="1" width="5em" type="Number" submit="onAddMaterial" />
                <Button id="idAddMaterialButton" press="onAddMaterial" text="{i18n>ordersDetailQuickButton}" />
                <Label id="idLoading" class="sapUiSmallMargin" />
           <!--</HBox>-->
            <!--EOC-C001-->
            <FlexBox width="100%" alignItems="End" justifyContent="End">
                <Button hAlign="right" 
                    icon="sap-icon://delete" 
                    class="deleteButtonMarginRight"
                    press="onDeleteItemPress"  
                    visible="true"
                  />
            </FlexBox>
        </HBox>
        <SelectList id="idMatList" itemPress="onMatItemPress" />
    </VBox>
</core:FragmentDefinition>