<core:FragmentDefinition xmlns:core="sap.ui.core" xmlns="sap.m">
    <ObjectHeader 
        responsive="true" 
        title="{parts: ['i18n>ordersEnquiryTitle', 'orders>DocTypeDesc'], formatter: '.titlePicker'} {orders>OrderNr}" 
        intro="{orders>Reference}" 
        number="{path:'orders>NetPrice', formatter:'.formatter.NumberWithThousandsSeparator'} {orders>DocumentCurrency} "
        numberState="{path:'orders>NetPrice', formatter: '.quantityStatus'}" 
        showTitleSelector="true" 
        titleSelectorPress="onTitleSelectorPress" 
        showMarkers="false" 
        markFlagged="true" 
        markFavorite="true" 
        backgroundDesign="Translucent">
        <statuses>
            <ObjectStatus
                text="{orders>DeliveryBlockDescr}"
                state="{path: 'orders>DeliveryBlock', formatter:'.deliveryBlockStatus'}"
                visible="{path:'orders>DeliveryBlock', formatter:'.formatter.exists'}" />
        </statuses>
        <attributes>
            <ObjectAttribute 
                class="encollabUIOverFlowVisible"
                title="{orders>/#SalesOrder/CreatedBy/@sap:label}" 
                text="{orders>CreatedBy}" 
                visible="{path:'orders>CreatedBy', formatter:'.formatter.exists'}"/>
             <ObjectAttribute 
                class="encollabUIOverFlowVisible"
                title="{orders>/#SalesOrder/CreatedDate/@sap:label}" 
                text="{path: 'orders>CreatedDate', formatter: '.formatter.Date'}" 
                visible="{path:'orders>CreatedDate', formatter:'.formatter.exists'}"/>
             <ObjectAttribute 
                class="encollabUIOverFlowVisible"
                title="{i18n>ordersSoldTo}" 
                text="{orders>SoldTo}" 
                visible="{path:'orders>SoldTo', formatter:'.formatter.exists'}"/>
             <ObjectAttribute 
                class="encollabUIOverFlowVisible"
                title="{i18n>ordersShipTo}"  
                text="{orders>ShipTo}" 
                visible="{path:'orders>ShipTo', formatter:'.formatter.exists'}"/>
            <ObjectAttribute 
                class="encollabUIOverFlowVisible"
                title="{orders>/#SalesOrder/PaymentTerms/@sap:label}" 
                text="{orders>PaymentTermsDescr}" 
                visible="{path:'orders>PaymentTermsDescr', formatter:'.formatter.exists'}"/>
            <ObjectAttribute 
                class="encollabUIOverFlowVisible"
                title="{orders>/#SalesOrder/IncoTerms1/@sap:label}" 
                text="{orders>IncoTerms1Descr}, {orders>IncoTerms2}" 
                visible="{path:'orders>IncoTerms1Descr', formatter:'.formatter.exists'}"/>
            <ObjectAttribute 
                class="encollabUIOverFlowVisible"
                title="{orders>/#SalesOrder/OrderStatus/@sap:label}" 
                text="{orders>OrderStatusDescr}" 
                visible="{path:'orders>OrderStatusDescr', formatter:'.formatter.exists'}"/>
        </attributes>
    </ObjectHeader>
</core:FragmentDefinition>