<core:FragmentDefinition 
    xmlns:sub="encollab.dp.controls" 
    xmlns:core="sap.ui.core" 
    xmlns:u="sap.ui.unified"
    xmlns="sap.m">
    <sub:ColumnListItem type="Inactive" role="{path: 'orders>HighItmNr', formatter: '.itemListStatus'}">
        <sub:cells>
            <ObjectAttribute text="{path: 'orders>ItemNr', formatter:'.formatter.removeLeadingZeroes'}" />

            <ObjectIdentifier 
                text="{orders>MaterialDesc}" 
                title="{
                    parts: [
                        {path: 'orders>Material'},
                        {path: 'orders>MaterialEntered'}
                    ],
                    formatter: '.Material'
                }"
                titleActive="true" 
                titlePress="onMaterialPress" />
            
            <ObjectIdentifier 
                class="sapUiSmallMarginTop"
                title="{path: 'orders>SalesQuantity', formatter:'.formatter.noDecimals'}  {orders>SalesUoM}" 
                titlePress="onItemQtyPress" 
                titleActive="{
                    parts: [{path: 'orders>HighItmNr'},{path: 'data>/active'}],
                    formatter:'.itemDeleteButton'
                }"/>

            <ObjectAttribute class="sapUiSmallMarginTop" text="{path: 'orders>ConfirmedQty', formatter:'.formatter.noDecimals'} {orders>SalesUoM}" />

            <ObjectAttribute class="sapUiSmallMarginTop" text="{path: 'orders>ETD', formatter: '.formatter.ShortDate'}" />
            <ObjectAttribute class="sapUiSmallMarginTop" text="{path: 'orders>ETA', formatter: '.formatter.ShortDate'}" />

            <core:Icon class="sapUiSmallMarginTop" src="{path: 'orders>DeliveryNote', formatter: '.DeliveryNoteIcon'}" color="{path: 'orders>DeliveryNote', formatter: '.DeliveryNoteStatus'}" />
            
            <ObjectNumber 
                class="sapUiSmallMarginTop"
                number="{path: 'orders>Price',formatter:'.formatter.NumberWithThousandsSeparator'}"
                unit="{orders>PriceUom}"  />

            <ObjectNumber 
                class="sapUiSmallMarginTop"
                number="{path: 'orders>NetPrice', formatter:'.formatter.NumberWithThousandsSeparator'}" 
                unit="{orders>Currency}" 
                state="{path:'orders>NetPrice', formatter: '.quantityStatus'}" />

            <CheckBox 
                hAlign="right"
                class="sapUiSmallMarginTop"
                visible="{
                    parts: [{path: 'orders>HighItmNr'},{path: 'data>/active'}],
                    formatter:'.itemDeleteButton'
                }" 
            />

        </sub:cells>
    </sub:ColumnListItem>
</core:FragmentDefinition>