<core:FragmentDefinition xmlns:sub="encollab.dp.control" xmlns:core="sap.ui.core" xmlns="sap.m">
    <ColumnListItem>
        <cells>
            <ObjectAttribute text="{path: 'orders>ItemNr', formatter:'.formatter.removeLeadingZeroes'}" />

            <ObjectIdentifier 
                text="{orders>MaterialDescr}" title="{orders>Material}" 
                titleActive="true" 
                titlePress="onMaterialPress" />

            <ObjectIdentifier 
                visible="{path: 'orders>ArrivalTime',formatter:'.formatter.empty'}" 
                title="{path: 'orders>ArrivalTime',formatter:'.formatter.ShortDate'}" 
                text="{path:'orders>ArrivalTime',formatter:'.formatter.Time'}" />
                
            <ObjectAttribute 
                class="sapUiSmallMarginTop"
                text="{path: 'orders>ConfirmedQty', formatter:'.formatter.noDecimals'} {orders>QtyUoM}" 
                visible="{path: 'orders>ConfirmedQty',formatter:'.notZero'}" />

            <ObjectAttribute 
                class="sapUiSmallMarginTop"
                text="{path: 'orders>OrderQty', formatter:'.formatter.noDecimals'} {orders>QtyUoM}" 
                visible="{path: 'orders>OrderQty',formatter:'.notZero'}" />

        </cells>
    </ColumnListItem>
</core:FragmentDefinition>