<core:FragmentDefinition 
    xmlns:sub="encollab.dp.control" 
    xmlns:core="sap.ui.core" 
    xmlns="sap.m">
    <Table 
        id="idSOScheduleTable" 
        justifyContent="SpaceBetween"
        inset="false" 
        items="{orders>ScheduleLines}">
        <columns>
            <Column width="2em" mergeDuplicates="true">
                <header>
                    <Text text="{orders>/#SalesOrderItem/ItemNr/@sap:label}" />
                </header>
            </Column>
            <Column width="20em">
                <header>
                    <Text text="{i18n>ordersMaterial}" />
                </header>
            </Column>

            <Column>
                <header>
                    <Text text="{i18n>ordersDScheduleDate}" />
                </header>
            </Column>

            <Column hAlign="Right">
                <header>
                    <Text text="{i18n>ordersDeliveredQty}" />
                </header>
            </Column>
            <Column hAlign="Right">
                <header>
                    <Text text="{i18n>ordersConfirmedQty}" />
                </header>
            </Column>
        </columns>
        <items>
            <core:Fragment fragmentName="encollab.dp.orders.detail.scheduleLinesTemplate" type="XML" />
        </items>
    </Table>
</core:FragmentDefinition>