<!-- ****************************************************************************************-->
<!-- *  Changed on:  Changed by:   Change ID:  TR Number:        Description:-->
<!-- *  2018.01.31   Subha          C001        GKAK908349     Incoterms update validation-->
<!-- *****************************************************************************************-->

<core:FragmentDefinition xmlns="sap.m" xmlns:l="sap.ui.layout" xmlns:core="sap.ui.core">
  <ResponsivePopover title="{i18n>ordersDetailHeaderFields}" placement="Bottom" bounce="true" contentWidth="450px">
    <content>
      <l:VerticalLayout class="sapUiContentPadding" width="100%">
        <l:content>
          <Label text="{orders>/#SalesOrder/Reference/@sap:label}" />
          <!--BOC-C001-->
          <Input id="idUpdateHeaderReference"  enabled ="{= ${orders>DeliveryBlock} !== 'YP'}" type="Text" value="{orders>Reference}" />
                  <Label text="{orders>/#SalesOrder/IncoTerms1/@sap:label}" />
                  <VBox>
                        <Select
                          id="idUpdateHeaderIncoTerms1"
                            width="100%" enabled="{= ${orders>DeliveryBlock} !== 'YP'}"
                            items="{data>/IncoTerms}"
                            selectedKey="{orders>IncoTerms1}"
                            forceSelection="false">
                            <core:Item key="{data>Inco1}" text="{data>Bezei}" />
                        </Select>
                        <Input id="idUpdateHeaderIncoTerms2" enabled ="{= ${orders>DeliveryBlock} !== 'YP'}"  value="{orders>IncoTerms2}" />
                    </VBox>
        </l:content>
      </l:VerticalLayout>
    </content>
    <beginButton>
      <Button text="{i18n>confirm}" press="onUpdateHeaderConfirmButton" enabled ="{= ${orders>DeliveryBlock} !== 'YP'}" />
    </beginButton>
    <!--EOC-C001-->
    <endButton>
      <Button text="{i18n>cancel}" press="onUpdateHeaderCancelButton" />
    </endButton>
  </ResponsivePopover>
</core:FragmentDefinition>