<mvc:View height="100%" controllerName="encollab.dp.about.About" xmlns:core="sap.ui.core" xmlns:mvc="sap.ui.core.mvc" xmlns="sap.m">
    <Page title="{i18n>aboutTitle}" enableScrolling="true">
        <headerContent>
            <Image src="img/encollab-logo-scaled.png" />
            <core:Fragment fragmentName="encollab.dp.info.InfoButton" type="XML" />
        </headerContent>
        <List id="userDetails" />
        <Panel id="authPanel" expandable="true" expanded="false" headerText="Authorisations" />
        <Panel id="rolePanel" expandable="true" expanded="false" headerText="Roles" />
        <Panel id="settingsPanel" expandable="true" expanded="false" headerText="Parameters" />
        <Panel id="dealerPanel" expandable="true" expanded="false" headerText="Dealers" />
        <footer>
            <Toolbar>
                <core:Fragment fragmentName="encollab.dp.about.MessageButton" type="XML" />
                <ToolbarSpacer/>
                <ToolbarSpacer/>
            </Toolbar>
        </footer>
    </Page>
</mvc:View>