<!--**************************************************************************************** -->
<!--*  Changed on:  Changed by:   Change ID:  TR Number:              Description:             -->
<!--*  2017.11.02   Shabeer        C001       GKAK907892/7963/7968   PCR - 19 Added ZCR Order Type -->
<!--*******************************************************************************************-->
<mvc:View 
    controllerName="encollab.dp.orders.Create" 
    xmlns="sap.m" 
    xmlns:f="sap.ui.layout.form"
    xmlns:core="sap.ui.core" 
    xmlns:mvc="sap.ui.core.mvc">
    <Page title="{i18n>ordersCreateTitle}" showNavButton="{device>/system/phone}" navButtonPress="onNavBack">
        <headerContent>
            <core:Fragment fragmentName="encollab.dp.info.InfoButton" type="XML" />
        </headerContent>
        <content>
            <f:SimpleForm 
                id="idCreateOrderForm" 
                maxContainerCols="2" 
                editable="true" 
                layout="ResponsiveGridLayout" 
                class="editableForm">

                <f:content>
                    <core:Title text="{i18n>ordersCreateTitle}" />

                    <Label text="{orders>/#SalesOrder/DocType/@sap:label}" required="true"/>

                    <Select autoAdjustWidth="true" items="{data>/DocTypes}" 
                        selectedKey="{data>/order/DocType}" 
                        change="onDocTypeSelect"
                        forceSelection="true">

                        <core:Item key="{data>SalesDocType}" text="{data>SalesDocTypeDesc}" />
                    </Select>
<!--BOC - C001-->
                    <Label text="{orders>/#Invoice/Document/@sap:label}" required="true" visible="{path: 'data>/order/DocType' , formatter:'.formatter.orType'}"/>
<!--EOC - C001-->

                    <Input
                        id="idCreateOrderInvoice"
                        visible="{path: 'data>/order/DocType' , formatter:'.formatter.orType'}"
                        type="Text"
                        placeholder="Enter Invoice ..."
                        showSuggestion="true"
                        showTableSuggestionValueHelp="false"
                        showValueHelp="true"
                        valueHelpRequest="handleValueHelp"
                        suggestionRows="{data>/Invoices}">
                        <suggestionColumns>
                            <Column
                                hAlign="Begin"
                                popinDisplay="Inline"
                                demandPopin="true">
                                <Label text="{orders>/#Invoices/Document/@sap:label}"/>
                            </Column>
                            <Column
                                hAlign="Begin"
                                popinDisplay="Inline"
                                demandPopin="true">
                                <Label text="{orders>/#Invoices/BillingTypeDescr/@sap:label}"/>
                            </Column>
                            <Column
                                hAlign="Begin"
                                popinDisplay="Inline"
                                demandPopin="true">
                                <Label text="{orders>/#Invoices/Reference/@sap:label}"/>
                            </Column>
                            <Column
                                hAlign="Begin"
                                popinDisplay="Inline"
                                demandPopin="true">
                                <Label text="{orders>/#Invoices/DealerName/@sap:label}"/>
                            </Column>
                            <Column
                                hAlign="Right"
                                popinDisplay="Inline"
                                demandPopin="true">
                                <Label text="{orders>/#Invoices/Value/@sap:label}"/>
                            </Column>
                        </suggestionColumns>
                        <suggestionRows>
                            <ColumnListItem>
                                <cells>
                                    <ObjectAttribute text="{data>Document}" class="bold" />
                                    <ObjectAttribute text="{data>BillingTypeDescr}" />
                                    <ObjectAttribute text="{data>Reference}" />
                                    <ObjectAttribute text="{data>DealerName}" />
                                    <ObjectAttribute text="{data>Value} {data>Currency}" />
                                </cells>
                            </ColumnListItem>
                        </suggestionRows>
                    </Input>
<!--BOC - C001-->
                    <Label text="{i18n>ordersOrderReason}" required="true" visible="{path: 'data>/order/DocType' , formatter:'.formatter.orType'}"/>
<!--EOC - C001-->
                    <Select 
                        id="idCreateOrderReason"
                        visible="{path: 'data>/order/DocType' , formatter:'.formatter.orType'}"
                        items="{data>/OrderReasons}" 
                        selectedKey="{data>/order/OrderStatus}" 
                        change="onOrderReasonChange"
                        forceSelection="true">

                        <core:Item key="{data>OrderReasonCode}" text="{data>OrderReasonDescription}" />
                    </Select>

                    <Label text="{i18n>ordersReference}" />  
                    <Input value="{data>/order/Reference}" maxLength="35" /> 

                    <Label text="{i18n>ordersSoldTo}" required="true"/>

                    <Select 
                        id="idCreateSoldTo"
                        items="{data>/Dealers}" 
                        selectedKey="{data>/order/SoldTo}" 
                        change="onSoldToChange"
                        forceSelection="true">

                        <core:Item key="{data>Id}" text="{data>Name} - {data>City}" />
                    </Select>

                    <Label text="{i18n>ordersShipTo}" required="true"/>
                    <VBox width="100%">
                        <CheckBox id="idShipToDefault" text="{i18n>ordersCreateShipTo}" selected="true" select="onShipToDefault" />

                        <Select 
                            id="idCreateShipTo"
                            visible="false"
                            width="100%"
                            items="{data>/Dealers}" 
                            selectedKey="{data>/order/ShipTo}" 
                            forceSelection="true">

                            <core:Item key="{data>Id}" text="{data>Name} - {data>City}" />
                        </Select>
                    </VBox>

                    <!--
                    <Label text="{orders>/#SalesOrder/IncoTerms1/@sap:label}"/>

                    <VBox>
                        <Select 
                            width="100%"
                            items="{data>/IncoTerms}" 
                            selectedKey="{data>/order/IncoTerms1}" 
                            forceSelection="false"
                            change="onIncoTermsChange">

                            <core:Item key="{data>Inco1}" text="{data>Bezei}" />
                        </Select>
                        <Input id="idCreateIncoTerms2" value="{data>/order/IncoTerms2}"  liveChange="onIncoTermsChange" />
                    </VBox>

                    <Label text="{orders>/#SalesOrder/PaymentTerms/@sap:label}"/>

                    <Select 
                        autoAdjustWidth="true" 
                        items="{data>/PaymentTerms}" 
                        selectedKey="{data>/order/PaymentTerms}" 
                        forceSelection="false">

                        <core:Item key="{data>PaymentTerm}" text="{data>PaymentTermDescr}" />
                    </Select>
                    -->
                </f:content>
            </f:SimpleForm>
        </content>
        <footer>
            <Toolbar>
                <core:Fragment fragmentName="encollab.dp.about.MessageButton" type="XML" />
                <ToolbarSpacer/>
                <ToolbarSpacer/>
                <Button 
                    text="{i18n>ordersCreateSave}" 
                    icon="sap-icon://save"
                    type="Emphasized" 
                    press="onSave" 
                    enabled="{data>/valid}" />

                <Button icon="sap-icon://decline" press="onCancel" />
            </Toolbar>
        </footer>
    </Page>
</mvc:View>