<mvc:View 
    controllerName="encollab.dp.orders.Detail" 
    xmlns="sap.m" 
    xmlns:c="encollab.dp.controls"
    xmlns:core="sap.ui.core" 
    xmlns:mvc="sap.ui.core.mvc">
    
    <Dialog id="ordersHowToDialog" title="{i18n>ordersHowTo}" contentWidth="30rem">
        <content>
            <VBox class="sapUiMediumMargin">
                <Title text="{i18n>ordersHowToTitle}" />
                <Text text="{i18n>ordersHowToText}" class="sapUiMediumMarginBottom sapUiSmallMarginTop" />
                <Link id="ordersHowToDialogLink" target="_blank" text="{i18n>ordersExample}" />
            </VBox>
        </content>
        <buttons>
            <Button text="{i18n>cancel}" type="Transparent" press="onHowToCancel"></Button>
        </buttons>
    </Dialog>

    <c:FileUploader data="onFileDrop" error="onFileError" fullscreen="true" enabled="{data>/active}" />

    <Page title="{i18n>ordersDetailTitle} {orders>OrderNr}" showNavButton="{device>/system/phone}" navButtonPress="onNavBack">
       
        <headerContent>
            <core:Fragment fragmentName="encollab.dp.info.InfoButton" type="XML" />
        </headerContent>
        <content>

            <core:Fragment fragmentName="encollab.dp.orders.detail.salesOrderHeader" type="XML" />
            <IconTabBar expandable="false" expanded="true" id="idDetailIconTabBar">
                <items>
                    <IconTabFilter text="{i18n>ordersDetailItems}" icon="sap-icon://list">
                        <content>
                            <core:Fragment fragmentName="encollab.dp.orders.detail.salesOrderItems" type="XML" />
                        </content>
                    </IconTabFilter>

                    <IconTabFilter visible="{= ${data>/isReturn} === false }" text="{i18n>ordersDetailScheduled}" icon="sap-icon://travel-itinerary">
                        <content>
                            <core:Fragment fragmentName="encollab.dp.orders.detail.scheduleLines" type="XML" />
                        </content>
                    </IconTabFilter>

                    <IconTabFilter text="{i18n>ordersDetailDocumentFlow}" icon="sap-icon://customer-history">
                        <content>
                            <core:Fragment fragmentName="encollab.dp.orders.detail.documentFlow" type="XML" />
                        </content>
                    </IconTabFilter>

                    <IconTabFilter text="{i18n>ordersDetailFP}" icon="sap-icon://batch-payments">
                        <content>
                            <core:Fragment fragmentName="encollab.dp.orders.detail.fakturPajak" type="XML" />
                        </content>
                    </IconTabFilter>

                    <IconTabFilter visible="{= ${data>/isReturn} === false }" text="{i18n>ordersDetailChanges}" icon="sap-icon://journey-change">
                        <content>
                            <core:Fragment fragmentName="encollab.dp.orders.detail.orderChanges" type="XML" />
                        </content>
                    </IconTabFilter>
                    
                </items>
            </IconTabBar>
        </content>

        <footer>
            <Toolbar>
                <core:Fragment fragmentName="encollab.dp.about.MessageButton" type="XML" />
                <ToolbarSpacer/>
                <ToolbarSpacer/>
                <Button id="idDetailButtonRelease" text="{i18n>ordersDetailReleaseButton}" icon="sap-icon://paper-plane" press="onReleasePress" />
                <Button id="idDetailButtonCreate" icon="sap-icon://create" press="onCreatePress" />
                <c:DownloadButton id="idDetailButtonDownload" name="{orders>OrderNr}.csv" />
            </Toolbar>
        </footer>
    </Page>
</mvc:View>