<!--******************************************************************************************************-->
<!--*  Changed on:  Changed by:   Change ID:  TR Number:        Description:-->
<!--*  2017.10.17   Subha         C001         GKAK907751       Link enable & disable in Ordernr & PO Number-->
<!--********************************************************************************************************-->
<mvc:View 
    controllerName="encollab.dp.orders.Enquiry" 
    xmlns="sap.m" xmlns:mvc="sap.ui.core.mvc" 
    xmlns:core="sap.ui.core" 
    xmlns:t="sap.ui.table" 
    xmlns:u="sap.ui.unified"
    xmlns:c="encollab.dp.controls" 
    displayBlock="true">
    <Page title="{i18n>ordersEnquiryTitle}" showNavButton="{device>/system/phone}" navButtonPress="onNavBack">
        <headerContent>
            <core:Fragment fragmentName="encollab.dp.info.InfoButton" type="XML" />
        </headerContent>

            <c:OrderSearchToolbar id="ordersSearchBar" filter="onSearchFilter" search="onSearchSearch" type="onTypeSelect" />

            <t:Table
                id="ordersTableDetail"
                selectionMode="None"
                rows="{data>/orders}">
                <t:toolbar>
                    <Toolbar>
                        <Title text="{data>/count}." />
                        <Title text="{i18n>ordersEnquiryOrdersSubmittedValue} {path: 'data>/price', formatter:'.formatter.NumberWithThousandsSeparator'} {data>/priceuom}" />
                    </Toolbar>
                </t:toolbar>
                <t:columns>
                    <t:Column
                        sortProperty="OrderNr"
                        width="120px">
                        <Label text="{orders>/#SalesOrder/OrderNr/@sap:label}" />
                        <t:template>
                        <!--BOC-C001-->
                            <Link text="{data>OrderNr}" visible="{= ${data>OrderNr} !== ''}" press="onPress" />
                        <!--EOC-C001-->
                        </t:template>
                    </t:Column>

                    <t:Column
                        sortProperty="DocType"
                        width="120px">
                        <Label text="{orders>/#SalesOrder/DocType/@sap:label}" />
                        <t:template>
                            <Text text="{data>DocType}" />
                        </t:template>
                    </t:Column>
                    <t:Column
                        sortProperty="Reference"
                        width="120px">
                        <Label text="{orders>/#SalesOrder/Reference/@sap:label}" />
                        <t:template>
                           <!--BOC-C001-->
                        <Link text="{data>Reference}"  enabled="{= ${data>OrderNr} === ''}" press="onPressPO" />
                        <!--EOC-C001-->
                        </t:template>
                    </t:Column>
                    <t:Column
                        sortProperty="CreatedBy"
                        width="100px">
                        <Label text="{orders>/#SalesOrder/CreatedBy/@sap:label}" />
                        <t:template>
                            <Text text="{data>CreatedBy}" />
                        </t:template>
                    </t:Column>
                    <t:Column
                        sortProperty="CreatedDate"
                        width="100px">
                        <Label text="{orders>/#SalesOrder/CreatedDate/@sap:label}" />
                        <t:template>
                            <Text text="{path: 'data>CreatedDate', formatter: '.formatter.ShortDate'}" />
                        </t:template>
                    </t:Column>

                    <t:Column
                        sortProperty="NetPrice"
                        width="200px"
                        hAlign="End">
                        <Label text="{orders>/#SalesOrder/NetPrice/@sap:label}" />
                        <t:template>
                            <u:Currency maxPrecision="0" value="{data>NetPrice}" currency="{data>DocumentCurrency}" />
                        </t:template>
                    </t:Column>

                    <t:Column
                        sortProperty="ItemNr"
                        width="50px">
                        <Label text="Item" />
                        <t:template>
                            <Text text="{path: 'data>ItemNr',formatter:'.formatter.removeLeadingZeroes'}" />
                        </t:template>
                    </t:Column>

                    <t:Column
                        sortProperty="Material"
                        width="250px">
                        <Label text="{i18n>ordersMaterial}" />
                        <t:template>
                            <Text text="{path:'data>Material',formatter: '.formatter.removeLeadingZeroes'}" />
                        </t:template>
                    </t:Column>

                    <t:Column
                        sortProperty="MaterialDescr"
                        width="250px">
                        <Label text="Description" />
                        <t:template>
                            <Text text="{data>MaterialDescr}" />
                        </t:template>
                    </t:Column>


                    <t:Column
                        sortProperty="SalesQuantity"
                        width="80px"
                        hAlign="End">
                        <Label text="Quantity" />
                        <t:template>
                            <Text text="{data>SalesQuantity}" />
                        </t:template>
                    </t:Column>

                    <t:Column
                        sortProperty="NetPriceItem"
                        width="200px"
                        hAlign="End">
                        <Label text="Item value" />
                        <t:template>
                            <u:Currency maxPrecision="0" value="{data>NetPriceItem}" currency="{data>DocumentCurrency}" />
                        </t:template>
                    </t:Column>

                    <t:Column
                        sortProperty="DeliveryBlock"
                        width="85px">
                        <Label text="{i18n>ordersEnquirySubmitted}" />
                        <t:template>
                            <ObjectStatus 
                                icon="{path: 'data>DeliveryBlock', formatter:'.submitted'}"
                                state="{path: 'data>DeliveryBlock', formatter:'.submittedState'}" />
                        </t:template>
                    </t:Column>

                    <t:Column
                        sortProperty="FPNumbers"
                        width="150px">
                        <Label text="FP Numbers" />
                        <t:template>
                            <Text text="{data>FPNumbers}" />
                        </t:template>
                    </t:Column>

                    <t:Column
                        sortProperty="SoldTo"
                        width="150px">
                        <Label text="Sold To" />
                        <t:template>
                            <Text text="{data>SoldTo}" />
                        </t:template>
                    </t:Column>
                </t:columns>
            </t:Table>

            <t:Table
                id="ordersTableHeader"
                selectionMode="None"
                rows="{data>/orders}">
                <t:toolbar>
                    <Toolbar>
                        <Title text="{data>/count}." />
                        <Title text="{i18n>ordersEnquiryOrdersSubmittedValue} {path: 'data>/price', formatter:'.formatter.NumberWithThousandsSeparator'} {data>/priceuom}" />
                    </Toolbar>
                </t:toolbar>
                <t:columns>
                    <t:Column
                        sortProperty="OrderNr"
                        width="120px">
                        <Label text="{orders>/#SalesOrder/OrderNr/@sap:label}" />
                        <t:template>
                       <!--BOC-C001-->
                            <Link text="{data>OrderNr}"  visible="{= ${data>OrderNr} !== ''}"  press="onPress" />
                      <!--EOC-C001-->
                        </t:template>
                    </t:Column>
                    <t:Column
                        sortProperty="DocType"
                        width="120px">
                        <Label text="{orders>/#SalesOrder/DocType/@sap:label}" />
                        <t:template>
                            <Text text="{data>DocType}" />
                        </t:template>
                    </t:Column>
                    <t:Column
                        sortProperty="Reference">
                        <Label text="{orders>/#SalesOrder/Reference/@sap:label}" />
                        <t:template>
                            <!--BOC-C001-->
                        <Link text="{data>Reference}"  enabled="{= ${data>OrderNr} === ''}" press="onPressPO" />
                        <!--EOC-C001-->
                        </t:template>
                    </t:Column>
                    <t:Column
                        sortProperty="CreatedBy"
                        width="100px">
                        <Label text="{orders>/#SalesOrder/CreatedBy/@sap:label}" />
                        <t:template>
                            <Text text="{data>CreatedBy}" />
                        </t:template>
                    </t:Column>
                    <t:Column
                        sortProperty="CreatedDate"
                        width="100px">
                        <Label text="{orders>/#SalesOrder/CreatedDate/@sap:label}" />
                        <t:template>
                            <Text text="{path: 'data>CreatedDate', formatter: '.formatter.ShortDate'}" />
                        </t:template>
                    </t:Column>
                    <t:Column
                        sortProperty="NumberOfItems"
                        width="80px"
                        hAlign="End">
                        <Label text="{i18n>ordersEnquiryNumberOfItems}" />
                        <t:template>
                            <Text text="{data>NumberOfItems}" />
                        </t:template>
                    </t:Column>
                    <t:Column
                        sortProperty="NumberOfParts"
                        width="80px"
                        hAlign="End">
                        <Label text="{i18n>ordersEnquiryNumberOfParts}" />
                        <t:template>
                            <Text text="{data>NumberOfParts}" />
                        </t:template>
                    </t:Column>
                    <t:Column
                        sortProperty="NetPrice"
                        hAlign="End">
                        <Label text="{orders>/#SalesOrder/NetPrice/@sap:label}" />
                        <t:template>
                            <u:Currency maxPrecision="0" value="{data>NetPrice}" currency="{data>DocumentCurrency}" />
                        </t:template>
                    </t:Column>
                    <t:Column
                        sortProperty="DeliveryBlock"
                        width="85px">
                        <Label text="{i18n>ordersEnquirySubmitted}" />
                        <t:template>
                            <ObjectStatus 
                                icon="{path: 'data>DeliveryBlock', formatter:'.submitted'}"
                                state="{path: 'data>DeliveryBlock', formatter:'.submittedState'}" />
                        </t:template>
                    </t:Column>

                    <t:Column
                        sortProperty="SoldTo">
                        <Label text="Sold To" />
                        <t:template>
                            <Text text="{data>SoldTo}" />
                        </t:template>
                    </t:Column>
                </t:columns>
            </t:Table>
        <footer>
            <Toolbar>
            <core:Fragment fragmentName="encollab.dp.about.MessageButton" type="XML" />
                <ToolbarSpacer/>
                <ToolbarSpacer/>
                <Button icon="sap-icon://paper-plane" text="{i18n>ordersEnquiryCreateNew}" type="Emphasized" press="onCreatePress" />
                <c:DownloadBindingButton style="Default" text="{i18n>download}" table="{data>/table}" />
            </Toolbar>
        </footer>
    </Page>
</mvc:View>