 <!--****************************************************************************************-->
 <!--*  Changed on:  Changed by:   Change ID:  TR Number:        Description:-->
 <!--*  2018.01.08   Subha          initial   GKAK908271       Parts Information new tile-->
 <!--*****************************************************************************************-->
<mvc:View controllerName="encollab.dp.PartsInf.Enquiry" displayBlock="true" xmlns:c="encollab.dp.controls" xmlns:core="sap.ui.core"
	xmlns:mvc="sap.ui.core.mvc" xmlns:t="sap.ui.table" xmlns:u="sap.ui.unified" xmlns="sap.m">
	<Page id="wtyEnquiryPage" navButtonPress="onNavBack" showNavButton="{device>/system/phone}" title="{i18n>partsEnquiryTitle}">
		<headerContent>
			<core:Fragment fragmentName="encollab.dp.info.InfoButton" type="XML"/>
		</headerContent>
		<t:Table id="partsTable" rows="{data>/parts}" selectionMode="None">
			<t:columns>
				<t:Column sortProperty="TITLE">
					<Label text="TITLE"/>
					<t:template>
						<Text text="{data>TITLE}"/>
					</t:template>
				</t:Column>
				<t:Column sortProperty="FILENAME">
					<Label text="FILENAME"/>
					<t:template>
						<StandardListItem icon="sap-icon://attachment" id="AttachmentListItems" mimeType="{data>MIMEType}" press="attachmentURL" title="{data>FILENAME}"
							type="Navigation"></StandardListItem>
					</t:template>
				</t:Column>
				<t:Column sortProperty="Description">
					<Label text="DESCRIPTION"/>
					<t:template>
						<Text text="{data>DESCRIPTION}"/>
					</t:template>
				</t:Column>
			</t:columns>
		</t:Table>
		<footer>
			<Toolbar>
				<core:Fragment fragmentName="encollab.dp.about.MessageButton" type="XML"/>
				<ToolbarSpacer/>
				<ToolbarSpacer/>
				<c:DownloadBindingButton style="Default" table="partsTable" text="{i18n>download}"/>
			</Toolbar>
		</footer>
	</Page>
</mvc:View>