<core:FragmentDefinition
	xmlns="sap.m"
	xmlns:core="sap.ui.core">
	<TableSelectDialog
		title="Products"
		class="sapUiPopupWithPadding"
		items="{orders>/Invoices}"
        growingThreshold="50"
		search="_handleValueHelpSearch"
		confirm="_handleValueHelpClose"
		cancel="_handleValueHelpClose">
        <columns>
            <Column
                hAlign="Begin"
                popinDisplay="Inline"
                demandPopin="true">
                <Label text="{orders>/#Invoices/Document/@sap:label}"/>
            </Column>
            <Column
                hAlign="Begin"
                popinDisplay="Inline"
                demandPopin="true">
                <Label text="{orders>/#Invoices/BillingTypeDescr/@sap:label}"/>
            </Column>
            <Column
                hAlign="Begin"
                popinDisplay="Inline"
                demandPopin="true">
                <Label text="{orders>/#Invoices/Reference/@sap:label}"/>
            </Column>
            <Column
                hAlign="Begin"
                popinDisplay="Inline"
                demandPopin="true">
                <Label text="{orders>/#Invoices/DealerName/@sap:label}"/>
            </Column>
            <Column
                hAlign="Right"
                popinDisplay="Inline"
                demandPopin="true">
                <Label text="{orders>/#Invoices/Value/@sap:label}"/>
            </Column>
        </columns>

        <ColumnListItem>
            <cells>
                <ObjectAttribute text="{orders>Document}" />
                <ObjectAttribute text="{orders>BillingTypeDescr}" />
                <ObjectAttribute text="{orders>Reference}" />
                <ObjectAttribute text="{orders>DealerName}" />
                <ObjectAttribute text="{orders>Value} {orders>Currency}" />
            </cells>
        </ColumnListItem>

	</TableSelectDialog>
</core:FragmentDefinition>