<mvc:View controllerName="encollab.dp.vin.CreateRecall" xmlns="sap.m" xmlns:l="sap.ui.layout" xmlns:f="sap.ui.layout.form" xmlns:mvc="sap.ui.core.mvc" xmlns:core="sap.ui.core" displayBlock="true">
    <Page title="{i18n>createRecallClaimTitle} {newClaim>/Detail/VIN}">
        <headerContent>
            <core:Fragment fragmentName="encollab.dp.info.InfoButton" type="XML" />
        </headerContent>
        <l:Grid defaultSpan="L12 M12 S12" width="auto">
            <l:content>
                <f:SimpleForm id="idCreateVehicleForm" minWidth="800" maxContainerCols="2" editable="true" layout="ResponsiveGridLayout" labelSpanL="3" labelSpanM="3" emptySpanL="4" emptySpanM="4" columnsL="1" columnsM="1" class="editableForm">
                    <f:content>
                        <core:Title text="{i18n>createRecallClaimDetails}" />
                        <Label text="Recall {vin>/#WarrantyClaim/ClaimId/@sap:label}" />
                        <Input value="{vin>ClaimId} - {vin>Description}" enabled="false" />
                        <Label text="{/#WtyHeader/PartnerName/@sap:label}" required="true" />
                        <Select id="partner" autoAdjustWidth="true" items="{core>/Users('SY-UNAME')/Dealers}" selectedKey="{newClaim>/Detail/Dealer}" change="onDealerChange">
                            <core:Item key="{core>Id}" text="{core>Name}" />
                        </Select>
                        <Label text="{/#WtyHeader/ReferenceDate/@sap:label}" required="true" />
                        <DatePicker id="referenceDate" placeholder="Enter Repair Date ..." value="{path:'newClaim>/Detail/RepairDate', type:'sap.ui.model.type.Date', formatOptions: { style: 'full', strictParsing: true}}" change="onDetailsChange" width="40%" valueState="{path:'newClaim>/Detail/RepairDate', formatter:'.isValidDate'}" />
                        <Label text="{/#WtyHeader/WtyHeaderText/@sap:label}" />
                        <Input value="{newClaim>/Detail/DealerRefNo}" placeholder="Enter header text here..." valueLiveUpdate="true" liveChange="onDetailsChange" valueStateText="Enter header text" valueState="{= ${newClaim>/Detail/DealerRefNo} ==='' ? 'Error' : 'None' }" />
                        <Label text="{/#WtyHeader/Mileage/@sap:label}" />
                        <Input id="idKms" value="{newClaim>/Detail/Km}" placeholder="Enter kms here..." width="20%" valueLiveUpdate="true" liveChange="onDetailsChange" />
                        <Label text="{vin>/#RecallVariant/VariantId/@sap:label}" />
                        <Select id="idVar" autoAdjustWidth="true" items="{vin>Variants}" selectedKey="{newClaim>/Detail/WarrantyVariant}" visible="{path:'vin>Variants',formatter:'.formatter.arrayCountVisible'}">
                            <core:Item key="{vin>VariantId}" text="{vin>VariantDescription}" />
                        </Select>
                    </f:content>
                </f:SimpleForm>
            </l:content>
        </l:Grid>
        <footer>
            <Toolbar>
                <core:Fragment fragmentName="encollab.dp.about.MessageButton" type="XML" />
                <ToolbarSpacer/>
                <ToolbarSpacer/>
                <Button id="submitButton" text="{i18n>createOrderButtonSave}" type="Emphasized" press="onSave" enabled="{newClaim>/Detail/ReadyToSubmit}" />
                <Button text="{i18n>createOrderButtonCancel}" press="onCancel" />
            </Toolbar>
        </footer>
    </Page>
</mvc:View>