<mvc:View controllerName="encollab.dp.vin.Detail"
xmlns="sap.m" 
xmlns:core="sap.ui.core"
xmlns:mvc="sap.ui.core.mvc"
xmlns:f="sap.ui.layout.form"
xmlns:u="sap.ui.unified"
xmlns:c="encollab.dp.controls"
xmlns:t="sap.ui.table" >
    <Page id="page" title="{i18n>vehicleDetailTitle} {path:'vin>VIN'}" showNavButton="{device>/system/phone}" navButtonPress="onNavBack">
        <headerContent>
            <core:Fragment fragmentName="encollab.dp.info.InfoButton" type="XML" />
        </headerContent>
        <content>
            <ObjectHeader responsive="true" fullScreenOptimized="true" id="objectHeader" title="{vin>/#Vehicle/VIN/@sap:label}: {vin>VIN}" intro="{vin>ModelDescription}">
                <attributes>
                    <ObjectAttribute title="{vin>Model/#@sap:label}" text="{vin>Model}" />
                    <ObjectAttribute title="{vin>ModelDescription/#@sap:label}" text="{= ${vin>ModelDescription}.length > 0 ? ${vin>ModelDescription} : ${i18n>notAvailable}}" />
                </attributes>
                <statuses>
                    <ObjectStatus title="Status" text="{vin>SecondaryStatus}" state="Success" />
                </statuses>
            </ObjectHeader>
            <List items="{vin>CustomAttributes}" noDataText="" itemPress="onAttributePress">
                <CustomListItem visible="{= ${vin>MessageType} === 'Error' ? true : false }" type="Active">
                    <MessageStrip text="{vin>Name} - {parts:[{path:'vin>Value'},{path:'vin>DataType'}],formatter:'.vehicleCustomAttrib'}" type="Error" showIcon="true" showCloseButton="false" />
                </CustomListItem>
            </List>
            <IconTabBar id="iconTabBar" class="sapUiResponsiveContentPadding" select="handleIconTabBarSelect">
                <items>
                    <IconTabFilter icon="sap-icon://multi-select" text="{i18n>vinDetailOviewHeading}">
                        <Table id="oviewItemsList" width="auto" items="{vin>CustomAttributes}" updateFinished="onOviewUpdateFinished" noDataText="{i18n>noDataMsg}" busyIndicatorDelay="{detailView>/oviewItemTableDelay}" class="sapUiResponsiveMargin" itemPress="onAttributePress">
                            <columns>
                                <Column />
                                <Column />
                                <Column />
                            </columns>
                            <items>
                                <ColumnListItem type="Active">
                                    <cells>
                                        <ObjectIdentifier text="{vin>Name}" />
                                        <ObjectStatus text="{parts:[{path:'vin>Value'},{path:'vin>DataType'}],formatter:'.vehicleCustomAttrib'}" state="{= ${vin>MessageType} === '' ? null : ${vin>MessageType} }" />
                                    </cells>
                                </ColumnListItem>
                            </items>
                        </Table>
                    </IconTabFilter>
                    <!--                     <IconTabFilter icon="sap-icon://customer" text="{i18n>vinDetailOwnerHeading}" visible="{= ${vin>OwnerId}.length > 0 }">
                        <Table id="ownerItemsList" width="auto" items="{vin>Owner}" updateFinished="onOwnerUpdateFinished" noDataText="{i18n>noDataMsg}" busyIndicatorDelay="{detailView>/ownerItemTableDelay}" class="sapUiResponsiveMargin">
                            <columns>
                                <Column />
                            </columns>
                            <items>
                                <ColumnListItem>
                                    <cells>
                                        <VBox class="sapUiSmallMargin">
                                            <f:SimpleForm iminWidth="1024" maxContainerCols="2" editable="false" layout="ResponsiveGridLayout" labelSpanL="3" labelSpanM="3" emptySpanL="4" emptySpanM="4" columnsL="1" columnsM="1">
                                                <f:content>
                                                    <Label text="{vin>/#BusinessPartner/Name/@sap:label}" />
                                                    <Text text="{vin>Name}" />
                                                    <Label text="{vin>/#BusinessPartner/Street/@sap:label}" />
                                                    <Text text="{vin>Street}" />
                                                    <Label text="{vin>/#BusinessPartner/City/@sap:label}" />
                                                    <Text text="{vin>City} {vin>Pcode}" />
                                                    <Label text="{vin>/#BusinessPartner/State/@sap:label}" />
                                                    <Text text="{vin>State}" />
                                                    <Label text="{vin>/#BusinessPartner/Phone/@sap:label}" />
                                                    <Text text="{vin>Phone}" />
                                                    <Label text="{vin>/#BusinessPartner/Email/@sap:label}" />
                                                    <Text text="{vin>Email}" />
                                                </f:content>
                                            </f:SimpleForm>
                                        </VBox>
                                    </cells>
                                </ColumnListItem>
                            </items>
                        </Table>
                    </IconTabFilter> -->
                    <IconTabFilter id="iconTabBarDealer" icon="sap-icon://supplier" text="{i18n>vinDetailDealerHeading}">
                        <VBox class="sapUiSmallMargin">
                            <f:SimpleForm id="SimpleFormDisplay354" minWidth="1024" maxContainerCols="2" editable="false" layout="ResponsiveGridLayout" title="Dealer" labelSpanL="3" labelSpanM="3" emptySpanL="4" emptySpanM="4" columnsL="1" columnsM="1">
                                <f:content>
                                    <Label text="{vin>/#Customer/Name/@sap:label}" />
                                    <Text text="{vin>Dealer/Name}" />
                                    <Label text="{vin>/#Customer/Street/@sap:label}" />
                                    <Text text="{vin>Dealer/Street}" />
                                    <Label text="{vin>/#Customer/City/@sap:label}" />
                                    <Text text="{vin>Dealer/City} {vin>Dealer/PostCode}" />
                                    <Label text="{vin>/#Customer/State/@sap:label}" />
                                    <Text text="{vin>Dealer/State}" />
                                    <Label text="{vin>/#Customer/Phone/@sap:label}" />
                                    <Text text="{vin>Dealer/Phone}" />
                                </f:content>
                            </f:SimpleForm>
                        </VBox>
                    </IconTabFilter>
                    <!--                     <IconTabFilter icon="sap-icon://settings" text="{i18n>vinDetailConfigHeading}">
                        <Table id="configItemsList" width="auto" items="{vin>Configuration}" updateFinished="onConfigUpdateFinished" noDataText="{i18n>noDataMsg}" busyIndicatorDelay="{detailView>/configItemTableDelay}" class="sapUiResponsiveMargin">
                            <headerToolbar>
                                <Toolbar id="lineItemsToolbar">
                                    <Title id="lineItemsHeader" text="{detailView>/configItemListTitle}" />
                                </Toolbar>
                            </headerToolbar>
                            <columns>
                                <Column>
                                    <Text text="{vin>/#Configuration/Category/@sap:label}" />
                                </Column>
                                <Column minScreenWidth="Tablet" demandPopin="true" hAlign="Right">
                                    <Text text="{vin>/#Configuration/Value/@sap:label}" />
                                </Column>
                            </columns>
                            <items>
                                <ColumnListItem>
                                    <cells>
                                        <ObjectIdentifier text="{vin>Description}" />
                                        <ObjectIdentifier text="{path:'vin>ValueDescription',formatter:'.formatter.Number'}" />
                                    </cells>
                                </ColumnListItem>
                            </items>
                        </Table>
                    </IconTabFilter>
                    <IconTabFilter icon="sap-icon://tags" text="{i18n>vinDetailExtHeading}">
                        <Table id="extItemsList" width="auto" items="{vin>Extensions}" updateFinished="onExtUpdateFinished" noDataText="{i18n>noDataMsg}" busyIndicatorDelay="{detailView>/extItemTableDelay}" class="sapUiResponsiveMargin">
                            <headerToolbar>
                                <Toolbar id="extItemsToolbar">
                                    <Title id="extItemsHeader" text="{detailView>/extItemListTitle}" />
                                </Toolbar>
                            </headerToolbar>
                            <columns>
                                <Column>
                                    <Text text="{vin>/#Extension/Description/@sap:label}" />
                                </Column>
                                <Column hAlign="Right">
                                    <Text text="{vin>/#Extension/Value/@sap:label}" />
                                </Column>
                            </columns>
                            <items>
                                <ColumnListItem>
                                    <cells>
                                        <ObjectIdentifier text="{vin>Description}" />
                                        <ObjectIdentifier text="{path:'vin>Value',formatter:'.formatter.Number'}" />
                                    </cells>
                                </ColumnListItem>
                            </items>
                        </Table>
                    </IconTabFilter>
                    <IconTabFilter icon="sap-icon://blank-tag-2" text="{i18n>vinDetailQualHeading}">
                        <Table id="qualItemsList" width="auto" items="{vin>Qualifiers}" updateFinished="onQualUpdateFinished" noDataText="{i18n>noDataMsg}" busyIndicatorDelay="{detailView>/qualItemTableDelay}" class="sapUiResponsiveMargin">
                            <headerToolbar>
                                <Toolbar id="qualItemsToolbar">
                                    <Title id="qualItemsHeader" text="{detailView>/qualItemListTitle}" />
                                </Toolbar>
                            </headerToolbar>
                            <columns>
                                <Column>
                                    <Text text="{vin>/#Qualifier/Description/@sap:label}" />
                                </Column>
                                <Column hAlign="Right">
                                    <Text text="{vin>/#Qualifier/Value/@sap:label}" />
                                </Column>
                            </columns>
                            <items>
                                <ColumnListItem>
                                    <cells>
                                        <ObjectIdentifier text="{vin>Description}" />
                                        <ObjectIdentifier text="{path:'vin>Value',formatter:'.formatter.Number'}" />
                                    </cells>
                                </ColumnListItem>
                            </items>
                        </Table>
                    </IconTabFilter>
                    <IconTabFilter icon="sap-icon://history" text="{i18n>vinDetailHistoryHeading}">
                        <Table id="historyItemsList" width="auto" items="{path:'vin>History',sorter:[{path:'Timestamp',descending:true}]}" updateFinished="onHistoryUpdateFinished" noDataText="{i18n>noDataMsg}" busyIndicatorDelay="{detailView>/historyItemTableDelay}" class="sapUiResponsiveMargin">
                            <headerToolbar>
                                <Toolbar id="historyItemsToolbar">
                                    <Title id="historyItemsHeader" text="{detailView>/historyItemListTitle}" />
                                </Toolbar>
                            </headerToolbar>
                            <columns>
                                <Column>
                                    <Text text="{vin>/#History/Timestamp/@sap:label}" />
                                </Column>
                                <Column>
                                    <Text text="{vin>/#History/Action/@sap:label}" />
                                </Column>
                                <Column minScreenWidth="Tablet" demandPopin="true">
                                    <Text text="{vin>/#History/MMStatus/@sap:label}" />
                                </Column>
                                <Column minScreenWidth="Tablet" demandPopin="true">
                                    <Text text="{vin>/#History/SDStatus/@sap:label}" />
                                </Column>
                                <Column minScreenWidth="Tablet" demandPopin="true">
                                    <Text text="{vin>/#History/Location/@sap:label}" />
                                </Column>
                            </columns>
                            <items>
                                <ColumnListItem>
                                    <cells>
                                        <ObjectIdentifier text="{path: 'vin>Timestamp', formatter: '.formatter.Date'}" />
                                        <ObjectIdentifier text="{vin>Action}" />
                                        <ObjectIdentifier text="{vin>MMStatus}" />
                                        <ObjectIdentifier text="{vin>SDStatus}" />
                                        <ObjectIdentifier text="{vin>Location}" />
                                    </cells>
                                </ColumnListItem>
                            </items>
                        </Table>
                    </IconTabFilter> -->
                    <IconTabFilter id="claimIconTabFilter" icon="sap-icon://vehicle-repair" text="{i18n>vinDetailClaimHeading}">
                        <Table id="claimItemsList" width="auto" items="{path:'vin>WarrantyClaims',parameters:{expand:'Dealer'},sorter:[{path:'ReferenceDate',descending:true}]}" updateFinished="onClaimUpdateFinished" noDataText="{i18n>noDataMsg}" busyIndicatorDelay="{detailView>/claimItemTableDelay}" class="sapUiResponsiveMargin" growing="true" growingScrollToLoad="true">
                            <headerToolbar>
                                <Toolbar id="claimItemsToolbar">
                                    <Title id="claimItemsHeader" text="{detailView>/claimItemListTitle}" />
                                </Toolbar>
                            </headerToolbar>
                            <columns>
                                <Column>
                                    <Text text="{vin>/#WarrantyClaim/ClaimId/@sap:label}" />
                                </Column>
                                <Column>
                                    <Text text="{vin>/#WarrantyClaim/Status/@sap:label}" />
                                </Column>
                                <Column>
                                    <Text text="{vin>/#WarrantyClaim/ReferenceDate/@sap:label}/Dealer/Mileage" />
                                </Column>
                                <Column>
                                    <Text text="{vin>/#WarrantyClaim/PFP/@sap:label}" />
                                </Column>
                                <Column width="150px">
                                    <Text text="{vin>/#WarrantyClaim/Description/@sap:label}" />
                                </Column>
                            </columns>
                            <items>
                                <ColumnListItem type="Active" press="onClaimPress">
                                    <cells>
                                        <ObjectIdentifier text="{vin>ClaimId}" title="{vin>ClaimType}" />
                                        <ObjectIdentifier text="{vin>Status}" />
                                        <ObjectIdentifier title="{path: 'vin>ReferenceDate', formatter: '.formatter.Date'} {vin>Mileage} Kms" text="{vin>DealerName}" />
                                        <ObjectIdentifier title="{vin>PFP}" text="{vin>PFPText}" />
                                        <ObjectIdentifier text="{vin>Description}" />
                                    </cells>
                                </ColumnListItem>
                            </items>
                        </Table>
                    </IconTabFilter>
                    <IconTabFilter id="serviceIconTabFilter" icon="sap-icon://vehicle-repair" text="Service Claims">
                        <Table id="serviceItemsList" width="auto" items="{path:'vin>ServicePlans'}" updateFinished="onServiceUpdateFinished" noDataText="{i18n>noDataMsg}" busyIndicatorDelay="{detailView>/serviceItemTableDelay}" class="sapUiResponsiveMargin">
                            <headerToolbar>
                                <Toolbar id="serviceItemsToolbar">
                                    <Title id="serviceItemsHeader" text="{detailView>/serviceItemListTitle}" />
                                </Toolbar>
                            </headerToolbar>
                            <columns>
                                <Column>
                                    <Text text="Service Claim" />
                                </Column>
                                <Column/>
                            </columns>
                            <items>
                                <ColumnListItem type="{= ${vin>ClaimNo} === '' ? 'Inactive' : 'Navigation'}" press="onPressClaim">
                                    <cells>
                                        <ObjectIdentifier text="{vin>ClaimNo}" title="{vin>Qualifier}" visible="{= ${vin>ClaimNo} !== ''}"/>
                                        <Button text="Create {vin>Qualifier} Claim" press="onCreateService" icon="sap-icon://create" visible="{= ${vin>ClaimNo} === ''}" />
                                    </cells>
                                </ColumnListItem>
                            </items>
                        </Table>
                    </IconTabFilter>
                    <IconTabFilter id="recallIconTabFilter" icon="sap-icon://vehicle-repair" text="{i18n>vinDetailRecallHeading}" visible="false">
                        <Table id="recallItemsList" width="auto" items="{path:'vin>OutstandingRecalls',sorter:[{path:'ReferenceDate',descending:false}]}" updateFinished="onRecallUpdateFinished" noDataText="{i18n>noDataMsg}" busyIndicatorDelay="{detailView>/recallItemTableDelay}" class="sapUiResponsiveMargin">
                            <headerToolbar>
                                <Toolbar id="recallItemsToolbar">
                                    <Title id="recallItemsHeader" text="{detailView>/recallItemListTitle}" />
                                </Toolbar>
                            </headerToolbar>
                            <columns>
                                <Column>
                                    <Text text="{vin>/#WarrantyClaim/ClaimId/@sap:label}" />
                                </Column>
                                <Column>
                                    <Text text="{vin>/#WarrantyClaim/ReferenceDate/@sap:label}" />
                                </Column>
                                <Column>
                                    <Text text="{vin>/#WarrantyClaim/Description/@sap:label}" />
                                </Column>
                            </columns>
                            <items>
                                <ColumnListItem type="{= ${vin>ClaimTypeId} === 'ZRCL' ? 'Inactive' : 'Navigation'}" press="onClaimPress">
                                    <cells>
                                        <ObjectIdentifier text="{vin>ClaimId}" title="{vin>ClaimType}" />
                                        <HBox>
                                            <ObjectIdentifier text="{path: 'vin>ReferenceDate', formatter: '.formatter.Date'}" visible="{= ${vin>ClaimTypeId} !== 'ZRCL'}" />
                                            <Button text="{i18n>vinDetailCreateRecall}" press="onCreateRecall" visible="{= ${vin>ClaimTypeId} === 'ZRCL'}" />
                                        </HBox>
                                        <ObjectIdentifier text="{vin>Description}" />
                                    </cells>
                                </ColumnListItem>
                            </items>
                        </Table>
                    </IconTabFilter>
                    
                    
                    <IconTabFilter  id="servicelist" icon="sap-icon://citizen-connect" text="{i18n>vinDetailServiceProgramHeading}">
                      <Table id="servicectlist" width="auto" items="{path:'vin>Servicelists'}" updateFinished="onServicePgmUpdateFinished" noDataText="{i18n>noDataMsg}" busyIndicatorDelay="{detailView>/serviceItemTableDelay}" class="sapUiResponsiveMargin">
                      <headerToolbar>
                                  <Toolbar id="servicelisttoolbar">
                                    <Title id="servicectItemsHeader" text="{detailView>/SerPgmItemListTitle}" />
                                </Toolbar>
                    </headerToolbar>
                            
                <columns>
                                <Column>
                                    <Text text="Claim No" />
                                </Column>
                                <Column>
                                    <Text text="{vin>/#Servicectlist/ServicePgmID/@sap:label}" />
                                </Column>
                                <Column>
                                    <Text text="{vin>/#Servicectlist/ServiceType/@sap:label}" />
                                </Column>
                                    <Column>
                                    <Text text="{i18n>Validity}" />
                                </Column>
                                <Column>
                                    <Text text="{i18n>Mileage}" />
                                </Column>
                               
                            </columns>
                            <items>
                                <ColumnListItem type="Active" press =  "onPressservice">
                                    <cells>
                                        <ObjectIdentifier text="{vin>ClaimNo}"  />
                                        <ObjectIdentifier text="{vin>ServicePgmID}" />
                                        <ObjectIdentifier text="{vin>ServiceType}" />
                                        <ObjectIdentifier text="{vin>ValidFor}" />
                                        <ObjectIdentifier text="{vin>Mileage}" />
                         
                                        
                                    </cells>
                                </ColumnListItem>
                            </items>
                        </Table>
                    </IconTabFilter>
                    
                     <IconTabFilter id="claimctIconTabFilter" icon="sap-icon://vehicle-repair" text="{i18n>vinDetailContractClaimHeading}">
                        <Table id="CtclaimItemsList" width="auto" items="{path:'vin>Servicectlists',parameters:{expand:'Dealernav'},sorter:[{path:'Claimdate',descending:true}]}" updateFinished="onServicePgmClaimUpdateFinished" noDataText="{i18n>noDataMsg}" busyIndicatorDelay="{detailView>/claimItemTableDelay}" class="sapUiResponsiveMargin" growing="true" growingScrollToLoad="true">
                        
                            <headerToolbar>
                                <Toolbar id="CtclaimItemsToolbar">
                                    <Title id="CtclaimItemsHeader" text="{detailView>/SerPgmclaimItemListTitle}" />
                                </Toolbar>
                            </headerToolbar>
                            
                           <columns>
                                <Column>
                                    <Text text="Claim No" />
                                </Column>
                                <Column>
                                    <Text text="{vin>/#Servicectlist/ServicePgmID/@sap:label}" />
                                </Column>
                                <Column>
                                    <Text text="{vin>/#Servicectlist/ServiceType/@sap:label}" />
                                </Column>
                                <Column>
                                    <Text text="Claimdate/Mileage" />
                                </Column>
                            </columns>
                            <items>
                                <ColumnListItem type="Active" press="onPressPos">
                                    <cells>
                                        <ObjectIdentifier text="{vin>ClaimNo}"  />
                                        <ObjectIdentifier text="{vin>ServicePgmID}" />
                                        <ObjectIdentifier text="{vin>ServiceType}" />
                                        <ObjectIdentifier title="{path: 'vin>Claimdate', formatter: '.formatter.Date'} {vin>Comment} " text="{vin>DealerName}" />
                                        
                                        
                                    </cells>
                                </ColumnListItem>
                            </items>
                        </Table>
            </IconTabFilter>
                    
                    
                    <!--                     <IconTabFilter id="serviceIconTabFilter" icon="sap-icon://wrench" text="{i18n>vinDetailServiceHeading}" visible="false">
                        <Table id="serviceItemsList" width="auto" items="{vin>ServiceHistory}" updateFinished="onServiceUpdateFinished" noDataText="{i18n>noDataMsg}" busyIndicatorDelay="{detailView>/serviceItemTableDelay}" class="sapUiResponsiveMargin">
                            <headerToolbar>
                                <Toolbar id="serviceItemsToolbar">
                                    <Title id="serviceItemsHeader" text="{i18n>vinDetailServiceHeading}" />
                                </Toolbar>
                            </headerToolbar>
                            <columns>
                                <Column>
                                    <Text text="{vin>/#ServiceHistory/ServiceDescription/@sap:label}" />
                                </Column>
                                <Column>
                                    <Text text="Due Date" />
                                </Column>
                                <Column>
                                    <Text text="Service Completed" />
                                </Column>
                                <Column>
                                    <Text text="{vin>/#ServiceHistory/Dealer/@sap:label}" />
                                </Column>
                            </columns>
                            <items>
                                <ColumnListItem>
                                    <cells>
                                        <ObjectIdentifier text="{vin>ServiceCategory}" title="{vin>ServiceDescription}" />
                                        <ObjectIdentifier text="{path: 'vin>DueDate', formatter: '.formatter.Date'}" />
                                        <ObjectIdentifier title="{path: 'vin>ServiceDate', formatter: '.formatter.Date'}" text="{path:'vin>ServiceKms', formatter: '.formatter.Number'} Kms" visible="{= ${vin>ServiceDate} !== null }" />
                                        <ObjectIdentifier text="{vin>Dealer}" />
                                    </cells>
                                </ColumnListItem>
                            </items>
                        </Table>
                    </IconTabFilter> -->
                </items>
            </IconTabBar>
        </content>
        <footer>
            <Toolbar>
                <core:Fragment fragmentName="encollab.dp.about.MessageButton" type="XML" />
                <ToolbarSpacer/>
                <ToolbarSpacer/>
                <Button id = "creatclaim" icon="sap-icon://create" text="{i18n>vinDetailWtyCreateButton}" tooltip="{i18n>vinDetailWtyCreateButton}" visible="{path:'VIN',formatter:'.canCreateClaim'}"
enabled="{path:'/Users(\'SY-UNAME\')/Authorisations/WarrantyCreate'}" press="onCreateClaim" />
            </Toolbar>
        </footer>
    </Page>
</mvc:View>