<mvc:View controllerName="encollab.dp.vin.Enquiry" xmlns="sap.m" xmlns:mvc="sap.ui.core.mvc" xmlns:core="sap.ui.core" displayBlock="true">
    <Page id="page" title="{i18n>vinEnquiryTitle}" showNavButton="{device>/system/phone}" navButtonPress="onNavBack">
        <headerContent>
            <core:Fragment fragmentName="encollab.dp.info.InfoButton" type="XML" />
        </headerContent>
        <Table id="vehicleList" class="sapUiResponsiveMargin" width="auto" growing="true" growingScrollToLoad="false" growingThreshold="20" >
            <headerToolbar>
                <Toolbar>
                    <Title text="{i18n>vinListTitle}" />
                    <ToolbarSpacer/>
                    <SearchField width="50%" search="onSearchVehicles" />
                </Toolbar>
            </headerToolbar>
            <columns>
                <Column>
                    <Text text="{vin>/#Vehicles/VIN/@sap:label}" />
                </Column>
<!--                 <Column>
                    <Text text="{vin>/#Vehicles/VehicleNo/@sap:label}" />
                </Column> -->
                <Column>
                    <Text text="{vin>/#Vehicles/Registration/@sap:label}" />
                </Column>
            </columns>
        </Table>
        <footer>
            <Toolbar>
            <core:Fragment fragmentName="encollab.dp.about.MessageButton" type="XML" />
                <ToolbarSpacer/>
                <ToolbarSpacer/>
            </Toolbar>
        </footer>
    </Page>
</mvc:View>