<core:FragmentDefinition xmlns="sap.m" xmlns:core="sap.ui.core" xmlns:f="sap.ui.layout.form">
    <Dialog title="{i18n>createRecallClaimTitle}" contentWidth="30rem" contentHeight="auto">
        <content>
            <Text text="Recall:{vin>ClaimId}" class="sapUiSmallMarginBottom" />
            <FlexBox alignItems="Start" justifyContent="Center">
                <items>
                    <Label text="{vin>/#Vehicle/VIN/@sap:label}" />
                    <Input value="{newClaim>/Detail/VIN}" placeholder="Enter VIN here..." maxLength="17" valueLiveUpdate="true" />
                </items>
            </FlexBox>
        </content>
        <buttons>
            <Button id="confirmButton" text="{i18n>confirm}" type="Transparent" press="onQtyDialogConfirm"></Button>
            <Button text="{i18n>cancel}" type="Transparent" press="onDialogCancel"></Button>
        </buttons>
    </Dialog>
</core:FragmentDefinition>