<core:FragmentDefinition xmlns:form="sap.ui.layout.form" xmlns="sap.m" xmlns:core="sap.ui.core">
    <form:SimpleForm editable="true">
    <!--Only Dealer Partner ,claim Date and external number ,Repair end
       
        // displaying service program and type in disabled mode-->
        <Label text="{i18n>vinserviceprogramid}" required="true" />
        <Input id="servicepgm"  value="{newClaim>/Header/ServicePgmID}" valueLiveUpdate="false" editable = "false" width="40%" visible= "true"/>
        <Label text="{i18n>vinserviceprogramtype}" required="true" />
        <Input id="servicetype" value="{newClaim>/Header/ServiceType}" valueLiveUpdate="false" editable = "false"  width="20%" visible= "true"/>
        <!--Label text="{vin>/#Servicect/Claimdate/@sap:label}" required="true" /-->
        
        <Label text="{vin>/#Servicect/Dealer/@sap:label}" required="true" />
        <Select id="partner" autoAdjustWidth="true" items="{core>/Users('SY-UNAME')/Dealers}" selectedKey="{newClaim>/Header/Dealer}" change="onDealerChange" >
            <core:Item key="{core>Id}" text="{core>Name}" />
        </Select>

       
        <Label text="{vin>/#Servicect/Claimdate/@sap:label}" required="true" />
        <DatePicker placeholder="Enter Claim Date ..." editable = "false" value="{path:'newClaim>/Header/Claimdate', type:'sap.ui.model.type.Date', formatOptions: { style: 'full', strictParsing: true}}" change="onRefDateChange" width="40%"
valueState="{path:'newClaim>/Head+
er/ReferenceDate', formatter:'.isValidDate'}"  />
        <Label text="{vin>/#WarrantyClaim/ReferenceNo/@sap:label}" required="true"/>
        <Input value="{newClaim>/Header/ReferenceNo}" placeholder="Enter your reference here..." valueLiveUpdate="true" liveChange="onFieldChange" valueStateText="Enter header text" valueState="{= ${newClaim>/Header/ReferenceNo} ==='' ? 'Error' : 'None' }"  />
        <Label text="Repair End" />
        <DatePicker placeholder="Enter Repair End Date ..." value="{path:'newClaim>/Header/RepairEndate', type:'sap.ui.model.type.Date', formatOptions: { style: 'full', strictParsing: true}}" change="onRepDateChange" width="40%" valueState="{path:'newClaim>/Header/RepairEnddate', formatter:'.isValidDate'}"  />
       
        <Label text="{i18n>wtyClaimCreateMileage}" required="true" />
        <Input id="idKms" type="Number" value="{newClaim>/Header/Mileage}" placeholder="Kms..." valueLiveUpdate="true" liveChange="onFieldChange" valueStateText="{i18n>wtyKmsError}" width="20%" visible="true" />
       
    </form:SimpleForm>
 <IconTabBar id="serlistitemicontabbar" class="sapUiResponsiveContentPadding" select="handleIconTabBarSelect">
 <items>
 <IconTabFilter icon="sap-icon://sales-order-item"  text="{i18n>items}">
  <core:Fragment fragmentName="encollab.dp.vin.Items" type="XML" />
</IconTabFilter>
</items>
</IconTabBar>
 </core:FragmentDefinition>